Subject,Start Date,Start Time,End Date,End Time,All Day Event,Description,Location,Private
Reading catch-up,08/15/2026,8:00 AM,08/15/2026,10:30 AM,False,Missed book pages from the week.,,False
CP-31 grind,08/15/2026,10:30 AM,08/15/2026,1:00 PM,False,Highest remaining tier — 4-5 problems.,,False
CSES section,08/15/2026,1:00 PM,08/15/2026,4:00 PM,False,"3-4 problems, untimed, deeper thinking.",,False
AtCoder ABC (17:30 IST) + upsolve,08/15/2026,4:30 PM,08/15/2026,9:30 PM,False,A-D target. Full upsolve of misses.,,False
Reading catch-up,08/16/2026,8:00 AM,08/16/2026,10:30 AM,False,Missed book pages from the week.,,False
CP-31 grind,08/16/2026,10:30 AM,08/16/2026,1:00 PM,False,Highest remaining tier — 4-5 problems.,,False
CSES section,08/16/2026,1:00 PM,08/16/2026,4:00 PM,False,"3-4 problems, untimed, deeper thinking.",,False
Virtual CF Div2 simulation,08/16/2026,4:30 PM,08/16/2026,7:30 PM,False,"2h timed, then full upsolve.",,False
Weekly review + tracker update,08/16/2026,9:30 PM,08/16/2026,10:00 PM,False,Fill Section 11 check-in. Plan next week's 3 focus items.,,False
READING W1: CP books + CP-Algorithms,08/17/2026,5:30 AM,08/17/2026,8:00 AM,False,"Phase A W1 focus: Foundation: sorting, binary search, two pointers, STL (CSES Ch 1-4, CP4 B1 Ch 1-2). ~23 pages/day (CSES Handbook, CP4 B1, CP4 B2).",,False
GRIND: CP-31 + CSES,08/17/2026,4:00 PM,08/17/2026,6:30 PM,False,"Phase A W1: 4 CP-31 + 3-4 CSES. 45-min rule, then editorial.",,False
Topic practice,08/17/2026,7:00 PM,08/17/2026,9:00 PM,False,Weakest topic deep-dive (Striver/USACO/CP-Algorithms).,,False
Review + notes,08/17/2026,9:00 PM,08/17/2026,9:30 PM,False,"One page: new patterns, mistakes, tricks. Update templates.",,False
READING W1: CP books + CP-Algorithms,08/18/2026,5:30 AM,08/18/2026,8:00 AM,False,"Phase A W1 focus: Foundation: sorting, binary search, two pointers, STL (CSES Ch 1-4, CP4 B1 Ch 1-2). ~23 pages/day (CSES Handbook, CP4 B1, CP4 B2).",,False
GRIND: CP-31 + CSES,08/18/2026,4:00 PM,08/18/2026,6:30 PM,False,"Phase A W1: 4 CP-31 + 3-4 CSES. 45-min rule, then editorial.",,False
Codeforces contest (check TLE tracker),08/18/2026,7:00 PM,08/18/2026,9:00 PM,False,CF ~20:05/22:35 IST. Full upsolve after.,,False
Review + notes,08/18/2026,9:00 PM,08/18/2026,9:30 PM,False,"One page: new patterns, mistakes, tricks. Update templates.",,False
READING W1: CP books + CP-Algorithms,08/19/2026,5:30 AM,08/19/2026,8:00 AM,False,"Phase A W1 focus: Foundation: sorting, binary search, two pointers, STL (CSES Ch 1-4, CP4 B1 Ch 1-2). ~23 pages/day (CSES Handbook, CP4 B1, CP4 B2).",,False
GRIND: CP-31 + CSES,08/19/2026,4:00 PM,08/19/2026,6:30 PM,False,"Phase A W1: 4 CP-31 + 3-4 CSES. 45-min rule, then editorial.",,False
CodeChef Starters,08/19/2026,7:00 PM,08/19/2026,9:00 PM,False,"Wed 20:00 IST. Solve 4-5, then upsolve.",,False
Review + notes,08/19/2026,9:00 PM,08/19/2026,9:30 PM,False,"One page: new patterns, mistakes, tricks. Update templates.",,False
READING W1: CP books + CP-Algorithms,08/20/2026,5:30 AM,08/20/2026,8:00 AM,False,"Phase A W1 focus: Foundation: sorting, binary search, two pointers, STL (CSES Ch 1-4, CP4 B1 Ch 1-2). ~23 pages/day (CSES Handbook, CP4 B1, CP4 B2).",,False
GRIND: CP-31 + CSES,08/20/2026,4:00 PM,08/20/2026,6:30 PM,False,"Phase A W1: 4 CP-31 + 3-4 CSES. 45-min rule, then editorial.",,False
Upsolve Tue/Wed contests,08/20/2026,7:00 PM,08/20/2026,9:00 PM,False,"1 hr per missed problem, then editorial, then code from scratch.",,False
Review + notes,08/20/2026,9:00 PM,08/20/2026,9:30 PM,False,"One page: new patterns, mistakes, tricks. Update templates.",,False
READING W1: CP books + CP-Algorithms,08/21/2026,5:30 AM,08/21/2026,8:00 AM,False,"Phase A W1 focus: Foundation: sorting, binary search, two pointers, STL (CSES Ch 1-4, CP4 B1 Ch 1-2). ~23 pages/day (CSES Handbook, CP4 B1, CP4 B2).",,False
GRIND: CP-31 + CSES,08/21/2026,4:00 PM,08/21/2026,6:30 PM,False,"Phase A W1: 4 CP-31 + 3-4 CSES. 45-min rule, then editorial.",,False
Topic deep-dive,08/21/2026,7:00 PM,08/21/2026,9:00 PM,False,Missing topics: DP/Graph/Strings per week focus.,,False
Review + notes,08/21/2026,9:00 PM,08/21/2026,9:30 PM,False,"One page: new patterns, mistakes, tricks. Update templates.",,False
Reading catch-up,08/22/2026,8:00 AM,08/22/2026,10:30 AM,False,Missed book pages from the week.,,False
CP-31 grind,08/22/2026,10:30 AM,08/22/2026,1:00 PM,False,Highest remaining tier — 4-5 problems.,,False
CSES section,08/22/2026,1:00 PM,08/22/2026,4:00 PM,False,"3-4 problems, untimed, deeper thinking.",,False
AtCoder ABC (17:30 IST) + upsolve,08/22/2026,4:30 PM,08/22/2026,9:30 PM,False,A-D target. Full upsolve of misses.,,False
Reading catch-up,08/23/2026,8:00 AM,08/23/2026,10:30 AM,False,Missed book pages from the week.,,False
CP-31 grind,08/23/2026,10:30 AM,08/23/2026,1:00 PM,False,Highest remaining tier — 4-5 problems.,,False
CSES section,08/23/2026,1:00 PM,08/23/2026,4:00 PM,False,"3-4 problems, untimed, deeper thinking.",,False
Virtual CF Div2 simulation,08/23/2026,4:30 PM,08/23/2026,7:30 PM,False,"2h timed, then full upsolve.",,False
Weekly review + tracker update,08/23/2026,9:30 PM,08/23/2026,10:00 PM,False,Fill Section 11 check-in. Plan next week's 3 focus items.,,False
READING W2: CP books + CP-Algorithms,08/24/2026,5:30 AM,08/24/2026,8:00 AM,False,"Phase A W2 focus: Dynamic Programming (CSES Ch 7, CP4 B1 Ch 3.4 pp 153-215). ~23 pages/day (CSES Handbook, CP4 B1, CP4 B2).",,False
GRIND: CP-31 + CSES,08/24/2026,4:00 PM,08/24/2026,6:30 PM,False,"Phase A W2: 4 CP-31 + 3-4 CSES. 45-min rule, then editorial.",,False
Topic practice,08/24/2026,7:00 PM,08/24/2026,9:00 PM,False,Weakest topic deep-dive (Striver/USACO/CP-Algorithms).,,False
Review + notes,08/24/2026,9:00 PM,08/24/2026,9:30 PM,False,"One page: new patterns, mistakes, tricks. Update templates.",,False
READING W2: CP books + CP-Algorithms,08/25/2026,5:30 AM,08/25/2026,8:00 AM,False,"Phase A W2 focus: Dynamic Programming (CSES Ch 7, CP4 B1 Ch 3.4 pp 153-215). ~23 pages/day (CSES Handbook, CP4 B1, CP4 B2).",,False
GRIND: CP-31 + CSES,08/25/2026,4:00 PM,08/25/2026,6:30 PM,False,"Phase A W2: 4 CP-31 + 3-4 CSES. 45-min rule, then editorial.",,False
Codeforces contest (check TLE tracker),08/25/2026,7:00 PM,08/25/2026,9:00 PM,False,CF ~20:05/22:35 IST. Full upsolve after.,,False
Review + notes,08/25/2026,9:00 PM,08/25/2026,9:30 PM,False,"One page: new patterns, mistakes, tricks. Update templates.",,False
READING W2: CP books + CP-Algorithms,08/26/2026,5:30 AM,08/26/2026,8:00 AM,False,"Phase A W2 focus: Dynamic Programming (CSES Ch 7, CP4 B1 Ch 3.4 pp 153-215). ~23 pages/day (CSES Handbook, CP4 B1, CP4 B2).",,False
GRIND: CP-31 + CSES,08/26/2026,4:00 PM,08/26/2026,6:30 PM,False,"Phase A W2: 4 CP-31 + 3-4 CSES. 45-min rule, then editorial.",,False
CodeChef Starters,08/26/2026,7:00 PM,08/26/2026,9:00 PM,False,"Wed 20:00 IST. Solve 4-5, then upsolve.",,False
Review + notes,08/26/2026,9:00 PM,08/26/2026,9:30 PM,False,"One page: new patterns, mistakes, tricks. Update templates.",,False
READING W2: CP books + CP-Algorithms,08/27/2026,5:30 AM,08/27/2026,8:00 AM,False,"Phase A W2 focus: Dynamic Programming (CSES Ch 7, CP4 B1 Ch 3.4 pp 153-215). ~23 pages/day (CSES Handbook, CP4 B1, CP4 B2).",,False
GRIND: CP-31 + CSES,08/27/2026,4:00 PM,08/27/2026,6:30 PM,False,"Phase A W2: 4 CP-31 + 3-4 CSES. 45-min rule, then editorial.",,False
Upsolve Tue/Wed contests,08/27/2026,7:00 PM,08/27/2026,9:00 PM,False,"1 hr per missed problem, then editorial, then code from scratch.",,False
Review + notes,08/27/2026,9:00 PM,08/27/2026,9:30 PM,False,"One page: new patterns, mistakes, tricks. Update templates.",,False
READING W2: CP books + CP-Algorithms,08/28/2026,5:30 AM,08/28/2026,8:00 AM,False,"Phase A W2 focus: Dynamic Programming (CSES Ch 7, CP4 B1 Ch 3.4 pp 153-215). ~23 pages/day (CSES Handbook, CP4 B1, CP4 B2).",,False
GRIND: CP-31 + CSES,08/28/2026,4:00 PM,08/28/2026,6:30 PM,False,"Phase A W2: 4 CP-31 + 3-4 CSES. 45-min rule, then editorial.",,False
Topic deep-dive,08/28/2026,7:00 PM,08/28/2026,9:00 PM,False,Missing topics: DP/Graph/Strings per week focus.,,False
Review + notes,08/28/2026,9:00 PM,08/28/2026,9:30 PM,False,"One page: new patterns, mistakes, tricks. Update templates.",,False
Reading catch-up,08/29/2026,8:00 AM,08/29/2026,10:30 AM,False,Missed book pages from the week.,,False
CP-31 grind,08/29/2026,10:30 AM,08/29/2026,1:00 PM,False,Highest remaining tier — 4-5 problems.,,False
CSES section,08/29/2026,1:00 PM,08/29/2026,4:00 PM,False,"3-4 problems, untimed, deeper thinking.",,False
AtCoder ABC (17:30 IST) + upsolve,08/29/2026,4:30 PM,08/29/2026,9:30 PM,False,A-D target. Full upsolve of misses.,,False
Reading catch-up,08/30/2026,8:00 AM,08/30/2026,10:30 AM,False,Missed book pages from the week.,,False
CP-31 grind,08/30/2026,10:30 AM,08/30/2026,1:00 PM,False,Highest remaining tier — 4-5 problems.,,False
CSES section,08/30/2026,1:00 PM,08/30/2026,4:00 PM,False,"3-4 problems, untimed, deeper thinking.",,False
Virtual CF Div2 simulation,08/30/2026,4:30 PM,08/30/2026,7:30 PM,False,"2h timed, then full upsolve.",,False
Weekly review + tracker update,08/30/2026,9:30 PM,08/30/2026,10:00 PM,False,Fill Section 11 check-in. Plan next week's 3 focus items.,,False
READING W3: CP books + CP-Algorithms,08/31/2026,5:30 AM,08/31/2026,8:00 AM,False,"Phase A W3 focus: Graphs & Trees: BFS/DFS/Dijkstra/MST/DSU (CSES Ch 11-14, CP4 B1 Ch 4). ~23 pages/day (CSES Handbook, CP4 B1, CP4 B2).",,False
GRIND: CP-31 + CSES,08/31/2026,4:00 PM,08/31/2026,6:30 PM,False,"Phase A W3: 4 CP-31 + 3-4 CSES. 45-min rule, then editorial.",,False
Topic practice,08/31/2026,7:00 PM,08/31/2026,9:00 PM,False,Weakest topic deep-dive (Striver/USACO/CP-Algorithms).,,False
Review + notes,08/31/2026,9:00 PM,08/31/2026,9:30 PM,False,"One page: new patterns, mistakes, tricks. Update templates.",,False
READING W3: CP books + CP-Algorithms,09/01/2026,5:30 AM,09/01/2026,8:00 AM,False,"Phase A W3 focus: Graphs & Trees: BFS/DFS/Dijkstra/MST/DSU (CSES Ch 11-14, CP4 B1 Ch 4). ~23 pages/day (CSES Handbook, CP4 B1, CP4 B2).",,False
GRIND: CP-31 + CSES,09/01/2026,4:00 PM,09/01/2026,6:30 PM,False,"Phase A W3: 4 CP-31 + 3-4 CSES. 45-min rule, then editorial.",,False
Codeforces contest (check TLE tracker),09/01/2026,7:00 PM,09/01/2026,9:00 PM,False,CF ~20:05/22:35 IST. Full upsolve after.,,False
Review + notes,09/01/2026,9:00 PM,09/01/2026,9:30 PM,False,"One page: new patterns, mistakes, tricks. Update templates.",,False
READING W3: CP books + CP-Algorithms,09/02/2026,5:30 AM,09/02/2026,8:00 AM,False,"Phase A W3 focus: Graphs & Trees: BFS/DFS/Dijkstra/MST/DSU (CSES Ch 11-14, CP4 B1 Ch 4). ~23 pages/day (CSES Handbook, CP4 B1, CP4 B2).",,False
GRIND: CP-31 + CSES,09/02/2026,4:00 PM,09/02/2026,6:30 PM,False,"Phase A W3: 4 CP-31 + 3-4 CSES. 45-min rule, then editorial.",,False
CodeChef Starters,09/02/2026,7:00 PM,09/02/2026,9:00 PM,False,"Wed 20:00 IST. Solve 4-5, then upsolve.",,False
Review + notes,09/02/2026,9:00 PM,09/02/2026,9:30 PM,False,"One page: new patterns, mistakes, tricks. Update templates.",,False
READING W3: CP books + CP-Algorithms,09/03/2026,5:30 AM,09/03/2026,8:00 AM,False,"Phase A W3 focus: Graphs & Trees: BFS/DFS/Dijkstra/MST/DSU (CSES Ch 11-14, CP4 B1 Ch 4). ~23 pages/day (CSES Handbook, CP4 B1, CP4 B2).",,False
GRIND: CP-31 + CSES,09/03/2026,4:00 PM,09/03/2026,6:30 PM,False,"Phase A W3: 4 CP-31 + 3-4 CSES. 45-min rule, then editorial.",,False
Upsolve Tue/Wed contests,09/03/2026,7:00 PM,09/03/2026,9:00 PM,False,"1 hr per missed problem, then editorial, then code from scratch.",,False
Review + notes,09/03/2026,9:00 PM,09/03/2026,9:30 PM,False,"One page: new patterns, mistakes, tricks. Update templates.",,False
READING W3: CP books + CP-Algorithms,09/04/2026,5:30 AM,09/04/2026,8:00 AM,False,"Phase A W3 focus: Graphs & Trees: BFS/DFS/Dijkstra/MST/DSU (CSES Ch 11-14, CP4 B1 Ch 4). ~23 pages/day (CSES Handbook, CP4 B1, CP4 B2).",,False
GRIND: CP-31 + CSES,09/04/2026,4:00 PM,09/04/2026,6:30 PM,False,"Phase A W3: 4 CP-31 + 3-4 CSES. 45-min rule, then editorial.",,False
Topic deep-dive,09/04/2026,7:00 PM,09/04/2026,9:00 PM,False,Missing topics: DP/Graph/Strings per week focus.,,False
Review + notes,09/04/2026,9:00 PM,09/04/2026,9:30 PM,False,"One page: new patterns, mistakes, tricks. Update templates.",,False
Reading catch-up,09/05/2026,8:00 AM,09/05/2026,10:30 AM,False,Missed book pages from the week.,,False
CP-31 grind,09/05/2026,10:30 AM,09/05/2026,1:00 PM,False,Highest remaining tier — 4-5 problems.,,False
CSES section,09/05/2026,1:00 PM,09/05/2026,4:00 PM,False,"3-4 problems, untimed, deeper thinking.",,False
AtCoder ABC (17:30 IST) + upsolve,09/05/2026,4:30 PM,09/05/2026,9:30 PM,False,A-D target. Full upsolve of misses.,,False
Reading catch-up,09/06/2026,8:00 AM,09/06/2026,10:30 AM,False,Missed book pages from the week.,,False
CP-31 grind,09/06/2026,10:30 AM,09/06/2026,1:00 PM,False,Highest remaining tier — 4-5 problems.,,False
CSES section,09/06/2026,1:00 PM,09/06/2026,4:00 PM,False,"3-4 problems, untimed, deeper thinking.",,False
Virtual CF Div2 simulation,09/06/2026,4:30 PM,09/06/2026,7:30 PM,False,"2h timed, then full upsolve.",,False
Weekly review + tracker update,09/06/2026,9:30 PM,09/06/2026,10:00 PM,False,Fill Section 11 check-in. Plan next week's 3 focus items.,,False
READING W4: CP books + CP-Algorithms,09/07/2026,5:30 AM,09/07/2026,8:00 AM,False,"Phase A W4 focus: Math: modular arithmetic, combinatorics, number theory (CP4 B1 Ch 5.3-5.6). ~23 pages/day (CSES Handbook, CP4 B1, CP4 B2).",,False
GRIND: CP-31 + CSES,09/07/2026,4:00 PM,09/07/2026,6:30 PM,False,"Phase A W4: 4 CP-31 + 3-4 CSES. 45-min rule, then editorial.",,False
Topic practice,09/07/2026,7:00 PM,09/07/2026,9:00 PM,False,Weakest topic deep-dive (Striver/USACO/CP-Algorithms).,,False
Review + notes,09/07/2026,9:00 PM,09/07/2026,9:30 PM,False,"One page: new patterns, mistakes, tricks. Update templates.",,False
READING W4: CP books + CP-Algorithms,09/08/2026,5:30 AM,09/08/2026,8:00 AM,False,"Phase A W4 focus: Math: modular arithmetic, combinatorics, number theory (CP4 B1 Ch 5.3-5.6). ~23 pages/day (CSES Handbook, CP4 B1, CP4 B2).",,False
GRIND: CP-31 + CSES,09/08/2026,4:00 PM,09/08/2026,6:30 PM,False,"Phase A W4: 4 CP-31 + 3-4 CSES. 45-min rule, then editorial.",,False
Codeforces contest (check TLE tracker),09/08/2026,7:00 PM,09/08/2026,9:00 PM,False,CF ~20:05/22:35 IST. Full upsolve after.,,False
Review + notes,09/08/2026,9:00 PM,09/08/2026,9:30 PM,False,"One page: new patterns, mistakes, tricks. Update templates.",,False
READING W4: CP books + CP-Algorithms,09/09/2026,5:30 AM,09/09/2026,8:00 AM,False,"Phase A W4 focus: Math: modular arithmetic, combinatorics, number theory (CP4 B1 Ch 5.3-5.6). ~23 pages/day (CSES Handbook, CP4 B1, CP4 B2).",,False
GRIND: CP-31 + CSES,09/09/2026,4:00 PM,09/09/2026,6:30 PM,False,"Phase A W4: 4 CP-31 + 3-4 CSES. 45-min rule, then editorial.",,False
CodeChef Starters,09/09/2026,7:00 PM,09/09/2026,9:00 PM,False,"Wed 20:00 IST. Solve 4-5, then upsolve.",,False
Review + notes,09/09/2026,9:00 PM,09/09/2026,9:30 PM,False,"One page: new patterns, mistakes, tricks. Update templates.",,False
READING W4: CP books + CP-Algorithms,09/10/2026,5:30 AM,09/10/2026,8:00 AM,False,"Phase A W4 focus: Math: modular arithmetic, combinatorics, number theory (CP4 B1 Ch 5.3-5.6). ~23 pages/day (CSES Handbook, CP4 B1, CP4 B2).",,False
GRIND: CP-31 + CSES,09/10/2026,4:00 PM,09/10/2026,6:30 PM,False,"Phase A W4: 4 CP-31 + 3-4 CSES. 45-min rule, then editorial.",,False
Upsolve Tue/Wed contests,09/10/2026,7:00 PM,09/10/2026,9:00 PM,False,"1 hr per missed problem, then editorial, then code from scratch.",,False
Review + notes,09/10/2026,9:00 PM,09/10/2026,9:30 PM,False,"One page: new patterns, mistakes, tricks. Update templates.",,False
READING W4: CP books + CP-Algorithms,09/11/2026,5:30 AM,09/11/2026,8:00 AM,False,"Phase A W4 focus: Math: modular arithmetic, combinatorics, number theory (CP4 B1 Ch 5.3-5.6). ~23 pages/day (CSES Handbook, CP4 B1, CP4 B2).",,False
GRIND: CP-31 + CSES,09/11/2026,4:00 PM,09/11/2026,6:30 PM,False,"Phase A W4: 4 CP-31 + 3-4 CSES. 45-min rule, then editorial.",,False
Topic deep-dive,09/11/2026,7:00 PM,09/11/2026,9:00 PM,False,Missing topics: DP/Graph/Strings per week focus.,,False
Review + notes,09/11/2026,9:00 PM,09/11/2026,9:30 PM,False,"One page: new patterns, mistakes, tricks. Update templates.",,False
Reading catch-up,09/12/2026,8:00 AM,09/12/2026,10:30 AM,False,Missed book pages from the week.,,False
CP-31 grind,09/12/2026,10:30 AM,09/12/2026,1:00 PM,False,Highest remaining tier — 4-5 problems.,,False
CSES section,09/12/2026,1:00 PM,09/12/2026,4:00 PM,False,"3-4 problems, untimed, deeper thinking.",,False
AtCoder ABC (17:30 IST) + upsolve,09/12/2026,4:30 PM,09/12/2026,9:30 PM,False,A-D target. Full upsolve of misses.,,False
Reading catch-up,09/13/2026,8:00 AM,09/13/2026,10:30 AM,False,Missed book pages from the week.,,False
CP-31 grind,09/13/2026,10:30 AM,09/13/2026,1:00 PM,False,Highest remaining tier — 4-5 problems.,,False
CSES section,09/13/2026,1:00 PM,09/13/2026,4:00 PM,False,"3-4 problems, untimed, deeper thinking.",,False
Virtual CF Div2 simulation,09/13/2026,4:30 PM,09/13/2026,7:30 PM,False,"2h timed, then full upsolve.",,False
Weekly review + tracker update,09/13/2026,9:30 PM,09/13/2026,10:00 PM,False,Fill Section 11 check-in. Plan next week's 3 focus items.,,False
READING W5: CP books + CP-Algorithms,09/14/2026,5:30 AM,09/14/2026,8:00 AM,False,"Phase A W5 focus: Advanced DS + Strings: seg tree, BIT, KMP, hashing (CP4 B1 Ch 6, CP4 B2 Ch 9 skim). ~23 pages/day (CSES Handbook, CP4 B1, CP4 B2).",,False
GRIND: CP-31 + CSES,09/14/2026,4:00 PM,09/14/2026,6:30 PM,False,"Phase A W5: 4 CP-31 + 3-4 CSES. 45-min rule, then editorial.",,False
Topic practice,09/14/2026,7:00 PM,09/14/2026,9:00 PM,False,Weakest topic deep-dive (Striver/USACO/CP-Algorithms).,,False
Review + notes,09/14/2026,9:00 PM,09/14/2026,9:30 PM,False,"One page: new patterns, mistakes, tricks. Update templates.",,False
READING W5: CP books + CP-Algorithms,09/15/2026,5:30 AM,09/15/2026,8:00 AM,False,"Phase A W5 focus: Advanced DS + Strings: seg tree, BIT, KMP, hashing (CP4 B1 Ch 6, CP4 B2 Ch 9 skim). ~23 pages/day (CSES Handbook, CP4 B1, CP4 B2).",,False
GRIND: CP-31 + CSES,09/15/2026,4:00 PM,09/15/2026,6:30 PM,False,"Phase A W5: 4 CP-31 + 3-4 CSES. 45-min rule, then editorial.",,False
Codeforces contest (check TLE tracker),09/15/2026,7:00 PM,09/15/2026,9:00 PM,False,CF ~20:05/22:35 IST. Full upsolve after.,,False
Review + notes,09/15/2026,9:00 PM,09/15/2026,9:30 PM,False,"One page: new patterns, mistakes, tricks. Update templates.",,False
READING W5: CP books + CP-Algorithms,09/16/2026,5:30 AM,09/16/2026,8:00 AM,False,"Phase A W5 focus: Advanced DS + Strings: seg tree, BIT, KMP, hashing (CP4 B1 Ch 6, CP4 B2 Ch 9 skim). ~23 pages/day (CSES Handbook, CP4 B1, CP4 B2).",,False
GRIND: CP-31 + CSES,09/16/2026,4:00 PM,09/16/2026,6:30 PM,False,"Phase A W5: 4 CP-31 + 3-4 CSES. 45-min rule, then editorial.",,False
CodeChef Starters,09/16/2026,7:00 PM,09/16/2026,9:00 PM,False,"Wed 20:00 IST. Solve 4-5, then upsolve.",,False
Review + notes,09/16/2026,9:00 PM,09/16/2026,9:30 PM,False,"One page: new patterns, mistakes, tricks. Update templates.",,False
READING W5: CP books + CP-Algorithms,09/17/2026,5:30 AM,09/17/2026,8:00 AM,False,"Phase A W5 focus: Advanced DS + Strings: seg tree, BIT, KMP, hashing (CP4 B1 Ch 6, CP4 B2 Ch 9 skim). ~23 pages/day (CSES Handbook, CP4 B1, CP4 B2).",,False
GRIND: CP-31 + CSES,09/17/2026,4:00 PM,09/17/2026,6:30 PM,False,"Phase A W5: 4 CP-31 + 3-4 CSES. 45-min rule, then editorial.",,False
Upsolve Tue/Wed contests,09/17/2026,7:00 PM,09/17/2026,9:00 PM,False,"1 hr per missed problem, then editorial, then code from scratch.",,False
Review + notes,09/17/2026,9:00 PM,09/17/2026,9:30 PM,False,"One page: new patterns, mistakes, tricks. Update templates.",,False
READING W5: CP books + CP-Algorithms,09/18/2026,5:30 AM,09/18/2026,8:00 AM,False,"Phase A W5 focus: Advanced DS + Strings: seg tree, BIT, KMP, hashing (CP4 B1 Ch 6, CP4 B2 Ch 9 skim). ~23 pages/day (CSES Handbook, CP4 B1, CP4 B2).",,False
GRIND: CP-31 + CSES,09/18/2026,4:00 PM,09/18/2026,6:30 PM,False,"Phase A W5: 4 CP-31 + 3-4 CSES. 45-min rule, then editorial.",,False
Topic deep-dive,09/18/2026,7:00 PM,09/18/2026,9:00 PM,False,Missing topics: DP/Graph/Strings per week focus.,,False
Review + notes,09/18/2026,9:00 PM,09/18/2026,9:30 PM,False,"One page: new patterns, mistakes, tricks. Update templates.",,False
Reading catch-up,09/19/2026,8:00 AM,09/19/2026,10:30 AM,False,Missed book pages from the week.,,False
CP-31 grind,09/19/2026,10:30 AM,09/19/2026,1:00 PM,False,Highest remaining tier — 4-5 problems.,,False
CSES section,09/19/2026,1:00 PM,09/19/2026,4:00 PM,False,"3-4 problems, untimed, deeper thinking.",,False
AtCoder ABC (17:30 IST) + upsolve,09/19/2026,4:30 PM,09/19/2026,9:30 PM,False,A-D target. Full upsolve of misses.,,False
Reading catch-up,09/20/2026,8:00 AM,09/20/2026,10:30 AM,False,Missed book pages from the week.,,False
CP-31 grind,09/20/2026,10:30 AM,09/20/2026,1:00 PM,False,Highest remaining tier — 4-5 problems.,,False
CSES section,09/20/2026,1:00 PM,09/20/2026,4:00 PM,False,"3-4 problems, untimed, deeper thinking.",,False
Virtual CF Div2 simulation,09/20/2026,4:30 PM,09/20/2026,7:30 PM,False,"2h timed, then full upsolve.",,False
Weekly review + tracker update,09/20/2026,9:30 PM,09/20/2026,10:00 PM,False,Fill Section 11 check-in. Plan next week's 3 focus items.,,False
READING W6: CP books + CP-Algorithms,09/21/2026,5:30 AM,09/21/2026,8:00 AM,False,"Phase A W6 focus: PEAK: 1800-1900+ tiers, finals push, review. ~23 pages/day (CSES Handbook, CP4 B1, CP4 B2).",,False
GRIND: CP-31 + CSES,09/21/2026,4:00 PM,09/21/2026,6:30 PM,False,"Phase A W6: 4 CP-31 + 3-4 CSES. 45-min rule, then editorial.",,False
Topic practice,09/21/2026,7:00 PM,09/21/2026,9:00 PM,False,Weakest topic deep-dive (Striver/USACO/CP-Algorithms).,,False
Review + notes,09/21/2026,9:00 PM,09/21/2026,9:30 PM,False,"One page: new patterns, mistakes, tricks. Update templates.",,False
READING W6: CP books + CP-Algorithms,09/22/2026,5:30 AM,09/22/2026,8:00 AM,False,"Phase A W6 focus: PEAK: 1800-1900+ tiers, finals push, review. ~23 pages/day (CSES Handbook, CP4 B1, CP4 B2).",,False
GRIND: CP-31 + CSES,09/22/2026,4:00 PM,09/22/2026,6:30 PM,False,"Phase A W6: 4 CP-31 + 3-4 CSES. 45-min rule, then editorial.",,False
Codeforces contest (check TLE tracker),09/22/2026,7:00 PM,09/22/2026,9:00 PM,False,CF ~20:05/22:35 IST. Full upsolve after.,,False
Review + notes,09/22/2026,9:00 PM,09/22/2026,9:30 PM,False,"One page: new patterns, mistakes, tricks. Update templates.",,False
READING W6: CP books + CP-Algorithms,09/23/2026,5:30 AM,09/23/2026,8:00 AM,False,"Phase A W6 focus: PEAK: 1800-1900+ tiers, finals push, review. ~23 pages/day (CSES Handbook, CP4 B1, CP4 B2).",,False
GRIND: CP-31 + CSES,09/23/2026,4:00 PM,09/23/2026,6:30 PM,False,"Phase A W6: 4 CP-31 + 3-4 CSES. 45-min rule, then editorial.",,False
CodeChef Starters,09/23/2026,7:00 PM,09/23/2026,9:00 PM,False,"Wed 20:00 IST. Solve 4-5, then upsolve.",,False
Review + notes,09/23/2026,9:00 PM,09/23/2026,9:30 PM,False,"One page: new patterns, mistakes, tricks. Update templates.",,False
READING W6: CP books + CP-Algorithms,09/24/2026,5:30 AM,09/24/2026,8:00 AM,False,"Phase A W6 focus: PEAK: 1800-1900+ tiers, finals push, review. ~23 pages/day (CSES Handbook, CP4 B1, CP4 B2).",,False
GRIND: CP-31 + CSES,09/24/2026,4:00 PM,09/24/2026,6:30 PM,False,"Phase A W6: 4 CP-31 + 3-4 CSES. 45-min rule, then editorial.",,False
Upsolve Tue/Wed contests,09/24/2026,7:00 PM,09/24/2026,9:00 PM,False,"1 hr per missed problem, then editorial, then code from scratch.",,False
Review + notes,09/24/2026,9:00 PM,09/24/2026,9:30 PM,False,"One page: new patterns, mistakes, tricks. Update templates.",,False
READING W6: CP books + CP-Algorithms,09/25/2026,5:30 AM,09/25/2026,8:00 AM,False,"Phase A W6 focus: PEAK: 1800-1900+ tiers, finals push, review. ~23 pages/day (CSES Handbook, CP4 B1, CP4 B2).",,False
GRIND: CP-31 + CSES,09/25/2026,4:00 PM,09/25/2026,6:30 PM,False,"Phase A W6: 4 CP-31 + 3-4 CSES. 45-min rule, then editorial.",,False
Topic deep-dive,09/25/2026,7:00 PM,09/25/2026,9:00 PM,False,Missing topics: DP/Graph/Strings per week focus.,,False
Review + notes,09/25/2026,9:00 PM,09/25/2026,9:30 PM,False,"One page: new patterns, mistakes, tricks. Update templates.",,False
GSoC Stage 1-2 books,09/26/2026,8:00 AM,09/26/2026,10:30 AM,False,Git/Python/Stats reading.,,False
Team virtual #1 (ICPC format),09/26/2026,10:30 AM,09/26/2026,1:00 PM,False,3-persons-1-machine practice.,,False
Upsolve + role specialization,09/26/2026,1:00 PM,09/26/2026,4:00 PM,False,Implementation / math / graphs roles.,,False
AtCoder ABC,09/26/2026,5:30 PM,09/26/2026,8:30 PM,False,A-D target.,,False
GSoC Stage 1-2 books,09/27/2026,8:00 AM,09/27/2026,10:30 AM,False,Git/Python/Stats reading.,,False
Team virtual #1 (ICPC format),09/27/2026,10:30 AM,09/27/2026,1:00 PM,False,3-persons-1-machine practice.,,False
Upsolve + role specialization,09/27/2026,1:00 PM,09/27/2026,4:00 PM,False,Implementation / math / graphs roles.,,False
Team virtual #2 + Virtual CF,09/27/2026,4:30 PM,09/27/2026,7:30 PM,False,ICPC-format reps.,,False
Weekly review + tracker update,09/27/2026,9:30 PM,09/27/2026,10:00 PM,False,All 3 tracks check-in.,,False
GSoC Stage 1-2: Git + Python + Stats,09/28/2026,5:30 AM,09/28/2026,8:00 AM,False,Head First Git -> Fluent Python -> pytest -> Practical Statistics. 3 OSS PRs by Dec 31.,,False
CP maintenance + team practice,09/28/2026,4:00 PM,09/28/2026,6:30 PM,False,3 contests/week + upsolve hardest miss. Team virtuals on weekends (ICPC format).,,False
GSoC Stage 1-2 books,09/28/2026,7:00 PM,09/28/2026,9:00 PM,False,Git/Python/OSS reading — 3 PRs by Dec 31.,,False
Review + notes,09/28/2026,9:00 PM,09/28/2026,9:30 PM,False,"One page: new patterns, mistakes, tricks. Update templates.",,False
GSoC Stage 1-2: Git + Python + Stats,09/29/2026,5:30 AM,09/29/2026,8:00 AM,False,Head First Git -> Fluent Python -> pytest -> Practical Statistics. 3 OSS PRs by Dec 31.,,False
CP maintenance + team practice,09/29/2026,4:00 PM,09/29/2026,6:30 PM,False,3 contests/week + upsolve hardest miss. Team virtuals on weekends (ICPC format).,,False
Codeforces contest,09/29/2026,7:00 PM,09/29/2026,9:00 PM,False,CF ~20:05/22:35 IST. Upsolve hardest miss only.,,False
Review + notes,09/29/2026,9:00 PM,09/29/2026,9:30 PM,False,"One page: new patterns, mistakes, tricks. Update templates.",,False
GSoC Stage 1-2: Git + Python + Stats,09/30/2026,5:30 AM,09/30/2026,8:00 AM,False,Head First Git -> Fluent Python -> pytest -> Practical Statistics. 3 OSS PRs by Dec 31.,,False
CP maintenance + team practice,09/30/2026,4:00 PM,09/30/2026,6:30 PM,False,3 contests/week + upsolve hardest miss. Team virtuals on weekends (ICPC format).,,False
CodeChef Starters,09/30/2026,7:00 PM,09/30/2026,9:00 PM,False,Wed 20:00 IST.,,False
Review + notes,09/30/2026,9:00 PM,09/30/2026,9:30 PM,False,"One page: new patterns, mistakes, tricks. Update templates.",,False
GSoC Stage 1-2: Git + Python + Stats,10/01/2026,5:30 AM,10/01/2026,8:00 AM,False,Head First Git -> Fluent Python -> pytest -> Practical Statistics. 3 OSS PRs by Dec 31.,,False
CP maintenance + team practice,10/01/2026,4:00 PM,10/01/2026,6:30 PM,False,3 contests/week + upsolve hardest miss. Team virtuals on weekends (ICPC format).,,False
Upsolve + team strategy,10/01/2026,7:00 PM,10/01/2026,9:00 PM,False,Review contest misses + plan weekend team virtuals.,,False
Review + notes,10/01/2026,9:00 PM,10/01/2026,9:30 PM,False,"One page: new patterns, mistakes, tricks. Update templates.",,False
GSoC Stage 1-2: Git + Python + Stats,10/02/2026,5:30 AM,10/02/2026,8:00 AM,False,Head First Git -> Fluent Python -> pytest -> Practical Statistics. 3 OSS PRs by Dec 31.,,False
CP maintenance + team practice,10/02/2026,4:00 PM,10/02/2026,6:30 PM,False,3 contests/week + upsolve hardest miss. Team virtuals on weekends (ICPC format).,,False
GSoC Stage 1-2 books,10/02/2026,7:00 PM,10/02/2026,9:00 PM,False,Git/Python/OSS reading — 3 PRs by Dec 31.,,False
Review + notes,10/02/2026,9:00 PM,10/02/2026,9:30 PM,False,"One page: new patterns, mistakes, tricks. Update templates.",,False
GSoC Stage 1-2 books,10/03/2026,8:00 AM,10/03/2026,10:30 AM,False,Git/Python/Stats reading.,,False
Team virtual #1 (ICPC format),10/03/2026,10:30 AM,10/03/2026,1:00 PM,False,3-persons-1-machine practice.,,False
Upsolve + role specialization,10/03/2026,1:00 PM,10/03/2026,4:00 PM,False,Implementation / math / graphs roles.,,False
AtCoder ABC,10/03/2026,5:30 PM,10/03/2026,8:30 PM,False,A-D target.,,False
GSoC Stage 1-2 books,10/04/2026,8:00 AM,10/04/2026,10:30 AM,False,Git/Python/Stats reading.,,False
Team virtual #1 (ICPC format),10/04/2026,10:30 AM,10/04/2026,1:00 PM,False,3-persons-1-machine practice.,,False
Upsolve + role specialization,10/04/2026,1:00 PM,10/04/2026,4:00 PM,False,Implementation / math / graphs roles.,,False
Team virtual #2 + Virtual CF,10/04/2026,4:30 PM,10/04/2026,7:30 PM,False,ICPC-format reps.,,False
Weekly review + tracker update,10/04/2026,9:30 PM,10/04/2026,10:00 PM,False,All 3 tracks check-in.,,False
GSoC Stage 1-2: Git + Python + Stats,10/05/2026,5:30 AM,10/05/2026,8:00 AM,False,Head First Git -> Fluent Python -> pytest -> Practical Statistics. 3 OSS PRs by Dec 31.,,False
CP maintenance + team practice,10/05/2026,4:00 PM,10/05/2026,6:30 PM,False,3 contests/week + upsolve hardest miss. Team virtuals on weekends (ICPC format).,,False
GSoC Stage 1-2 books,10/05/2026,7:00 PM,10/05/2026,9:00 PM,False,Git/Python/OSS reading — 3 PRs by Dec 31.,,False
Review + notes,10/05/2026,9:00 PM,10/05/2026,9:30 PM,False,"One page: new patterns, mistakes, tricks. Update templates.",,False
GSoC Stage 1-2: Git + Python + Stats,10/06/2026,5:30 AM,10/06/2026,8:00 AM,False,Head First Git -> Fluent Python -> pytest -> Practical Statistics. 3 OSS PRs by Dec 31.,,False
CP maintenance + team practice,10/06/2026,4:00 PM,10/06/2026,6:30 PM,False,3 contests/week + upsolve hardest miss. Team virtuals on weekends (ICPC format).,,False
Codeforces contest,10/06/2026,7:00 PM,10/06/2026,9:00 PM,False,CF ~20:05/22:35 IST. Upsolve hardest miss only.,,False
Review + notes,10/06/2026,9:00 PM,10/06/2026,9:30 PM,False,"One page: new patterns, mistakes, tricks. Update templates.",,False
GSoC Stage 1-2: Git + Python + Stats,10/07/2026,5:30 AM,10/07/2026,8:00 AM,False,Head First Git -> Fluent Python -> pytest -> Practical Statistics. 3 OSS PRs by Dec 31.,,False
CP maintenance + team practice,10/07/2026,4:00 PM,10/07/2026,6:30 PM,False,3 contests/week + upsolve hardest miss. Team virtuals on weekends (ICPC format).,,False
CodeChef Starters,10/07/2026,7:00 PM,10/07/2026,9:00 PM,False,Wed 20:00 IST.,,False
Review + notes,10/07/2026,9:00 PM,10/07/2026,9:30 PM,False,"One page: new patterns, mistakes, tricks. Update templates.",,False
GSoC Stage 1-2: Git + Python + Stats,10/08/2026,5:30 AM,10/08/2026,8:00 AM,False,Head First Git -> Fluent Python -> pytest -> Practical Statistics. 3 OSS PRs by Dec 31.,,False
CP maintenance + team practice,10/08/2026,4:00 PM,10/08/2026,6:30 PM,False,3 contests/week + upsolve hardest miss. Team virtuals on weekends (ICPC format).,,False
Upsolve + team strategy,10/08/2026,7:00 PM,10/08/2026,9:00 PM,False,Review contest misses + plan weekend team virtuals.,,False
Review + notes,10/08/2026,9:00 PM,10/08/2026,9:30 PM,False,"One page: new patterns, mistakes, tricks. Update templates.",,False
GSoC Stage 1-2: Git + Python + Stats,10/09/2026,5:30 AM,10/09/2026,8:00 AM,False,Head First Git -> Fluent Python -> pytest -> Practical Statistics. 3 OSS PRs by Dec 31.,,False
CP maintenance + team practice,10/09/2026,4:00 PM,10/09/2026,6:30 PM,False,3 contests/week + upsolve hardest miss. Team virtuals on weekends (ICPC format).,,False
GSoC Stage 1-2 books,10/09/2026,7:00 PM,10/09/2026,9:00 PM,False,Git/Python/OSS reading — 3 PRs by Dec 31.,,False
Review + notes,10/09/2026,9:00 PM,10/09/2026,9:30 PM,False,"One page: new patterns, mistakes, tricks. Update templates.",,False
GSoC Stage 1-2 books,10/10/2026,8:00 AM,10/10/2026,10:30 AM,False,Git/Python/Stats reading.,,False
Team virtual #1 (ICPC format),10/10/2026,10:30 AM,10/10/2026,1:00 PM,False,3-persons-1-machine practice.,,False
Upsolve + role specialization,10/10/2026,1:00 PM,10/10/2026,4:00 PM,False,Implementation / math / graphs roles.,,False
AtCoder ABC,10/10/2026,5:30 PM,10/10/2026,8:30 PM,False,A-D target.,,False
GSoC Stage 1-2 books,10/11/2026,8:00 AM,10/11/2026,10:30 AM,False,Git/Python/Stats reading.,,False
Team virtual #1 (ICPC format),10/11/2026,10:30 AM,10/11/2026,1:00 PM,False,3-persons-1-machine practice.,,False
Upsolve + role specialization,10/11/2026,1:00 PM,10/11/2026,4:00 PM,False,Implementation / math / graphs roles.,,False
Team virtual #2 + Virtual CF,10/11/2026,4:30 PM,10/11/2026,7:30 PM,False,ICPC-format reps.,,False
Weekly review + tracker update,10/11/2026,9:30 PM,10/11/2026,10:00 PM,False,All 3 tracks check-in.,,False
GSoC Stage 1-2: Git + Python + Stats,10/12/2026,5:30 AM,10/12/2026,8:00 AM,False,Head First Git -> Fluent Python -> pytest -> Practical Statistics. 3 OSS PRs by Dec 31.,,False
CP maintenance + team practice,10/12/2026,4:00 PM,10/12/2026,6:30 PM,False,3 contests/week + upsolve hardest miss. Team virtuals on weekends (ICPC format).,,False
GSoC Stage 1-2 books,10/12/2026,7:00 PM,10/12/2026,9:00 PM,False,Git/Python/OSS reading — 3 PRs by Dec 31.,,False
Review + notes,10/12/2026,9:00 PM,10/12/2026,9:30 PM,False,"One page: new patterns, mistakes, tricks. Update templates.",,False
GSoC Stage 1-2: Git + Python + Stats,10/13/2026,5:30 AM,10/13/2026,8:00 AM,False,Head First Git -> Fluent Python -> pytest -> Practical Statistics. 3 OSS PRs by Dec 31.,,False
CP maintenance + team practice,10/13/2026,4:00 PM,10/13/2026,6:30 PM,False,3 contests/week + upsolve hardest miss. Team virtuals on weekends (ICPC format).,,False
Codeforces contest,10/13/2026,7:00 PM,10/13/2026,9:00 PM,False,CF ~20:05/22:35 IST. Upsolve hardest miss only.,,False
Review + notes,10/13/2026,9:00 PM,10/13/2026,9:30 PM,False,"One page: new patterns, mistakes, tricks. Update templates.",,False
GSoC Stage 1-2: Git + Python + Stats,10/14/2026,5:30 AM,10/14/2026,8:00 AM,False,Head First Git -> Fluent Python -> pytest -> Practical Statistics. 3 OSS PRs by Dec 31.,,False
CP maintenance + team practice,10/14/2026,4:00 PM,10/14/2026,6:30 PM,False,3 contests/week + upsolve hardest miss. Team virtuals on weekends (ICPC format).,,False
CodeChef Starters,10/14/2026,7:00 PM,10/14/2026,9:00 PM,False,Wed 20:00 IST.,,False
Review + notes,10/14/2026,9:00 PM,10/14/2026,9:30 PM,False,"One page: new patterns, mistakes, tricks. Update templates.",,False
GSoC Stage 1-2: Git + Python + Stats,10/15/2026,5:30 AM,10/15/2026,8:00 AM,False,Head First Git -> Fluent Python -> pytest -> Practical Statistics. 3 OSS PRs by Dec 31.,,False
CP maintenance + team practice,10/15/2026,4:00 PM,10/15/2026,6:30 PM,False,3 contests/week + upsolve hardest miss. Team virtuals on weekends (ICPC format).,,False
Upsolve + team strategy,10/15/2026,7:00 PM,10/15/2026,9:00 PM,False,Review contest misses + plan weekend team virtuals.,,False
Review + notes,10/15/2026,9:00 PM,10/15/2026,9:30 PM,False,"One page: new patterns, mistakes, tricks. Update templates.",,False
GSoC Stage 1-2: Git + Python + Stats,10/16/2026,5:30 AM,10/16/2026,8:00 AM,False,Head First Git -> Fluent Python -> pytest -> Practical Statistics. 3 OSS PRs by Dec 31.,,False
CP maintenance + team practice,10/16/2026,4:00 PM,10/16/2026,6:30 PM,False,3 contests/week + upsolve hardest miss. Team virtuals on weekends (ICPC format).,,False
GSoC Stage 1-2 books,10/16/2026,7:00 PM,10/16/2026,9:00 PM,False,Git/Python/OSS reading — 3 PRs by Dec 31.,,False
Review + notes,10/16/2026,9:00 PM,10/16/2026,9:30 PM,False,"One page: new patterns, mistakes, tricks. Update templates.",,False
GSoC Stage 1-2 books,10/17/2026,8:00 AM,10/17/2026,10:30 AM,False,Git/Python/Stats reading.,,False
Team virtual #1 (ICPC format),10/17/2026,10:30 AM,10/17/2026,1:00 PM,False,3-persons-1-machine practice.,,False
Upsolve + role specialization,10/17/2026,1:00 PM,10/17/2026,4:00 PM,False,Implementation / math / graphs roles.,,False
AtCoder ABC,10/17/2026,5:30 PM,10/17/2026,8:30 PM,False,A-D target.,,False
GSoC Stage 1-2 books,10/18/2026,8:00 AM,10/18/2026,10:30 AM,False,Git/Python/Stats reading.,,False
Team virtual #1 (ICPC format),10/18/2026,10:30 AM,10/18/2026,1:00 PM,False,3-persons-1-machine practice.,,False
Upsolve + role specialization,10/18/2026,1:00 PM,10/18/2026,4:00 PM,False,Implementation / math / graphs roles.,,False
Team virtual #2 + Virtual CF,10/18/2026,4:30 PM,10/18/2026,7:30 PM,False,ICPC-format reps.,,False
Weekly review + tracker update,10/18/2026,9:30 PM,10/18/2026,10:00 PM,False,All 3 tracks check-in.,,False
GSoC Stage 1-2: Git + Python + Stats,10/19/2026,5:30 AM,10/19/2026,8:00 AM,False,Head First Git -> Fluent Python -> pytest -> Practical Statistics. 3 OSS PRs by Dec 31.,,False
CP maintenance + team practice,10/19/2026,4:00 PM,10/19/2026,6:30 PM,False,3 contests/week + upsolve hardest miss. Team virtuals on weekends (ICPC format).,,False
GSoC Stage 1-2 books,10/19/2026,7:00 PM,10/19/2026,9:00 PM,False,Git/Python/OSS reading — 3 PRs by Dec 31.,,False
Review + notes,10/19/2026,9:00 PM,10/19/2026,9:30 PM,False,"One page: new patterns, mistakes, tricks. Update templates.",,False
GSoC Stage 1-2: Git + Python + Stats,10/20/2026,5:30 AM,10/20/2026,8:00 AM,False,Head First Git -> Fluent Python -> pytest -> Practical Statistics. 3 OSS PRs by Dec 31.,,False
CP maintenance + team practice,10/20/2026,4:00 PM,10/20/2026,6:30 PM,False,3 contests/week + upsolve hardest miss. Team virtuals on weekends (ICPC format).,,False
Codeforces contest,10/20/2026,7:00 PM,10/20/2026,9:00 PM,False,CF ~20:05/22:35 IST. Upsolve hardest miss only.,,False
Review + notes,10/20/2026,9:00 PM,10/20/2026,9:30 PM,False,"One page: new patterns, mistakes, tricks. Update templates.",,False
GSoC Stage 1-2: Git + Python + Stats,10/21/2026,5:30 AM,10/21/2026,8:00 AM,False,Head First Git -> Fluent Python -> pytest -> Practical Statistics. 3 OSS PRs by Dec 31.,,False
CP maintenance + team practice,10/21/2026,4:00 PM,10/21/2026,6:30 PM,False,3 contests/week + upsolve hardest miss. Team virtuals on weekends (ICPC format).,,False
CodeChef Starters,10/21/2026,7:00 PM,10/21/2026,9:00 PM,False,Wed 20:00 IST.,,False
Review + notes,10/21/2026,9:00 PM,10/21/2026,9:30 PM,False,"One page: new patterns, mistakes, tricks. Update templates.",,False
GSoC Stage 1-2: Git + Python + Stats,10/22/2026,5:30 AM,10/22/2026,8:00 AM,False,Head First Git -> Fluent Python -> pytest -> Practical Statistics. 3 OSS PRs by Dec 31.,,False
CP maintenance + team practice,10/22/2026,4:00 PM,10/22/2026,6:30 PM,False,3 contests/week + upsolve hardest miss. Team virtuals on weekends (ICPC format).,,False
Upsolve + team strategy,10/22/2026,7:00 PM,10/22/2026,9:00 PM,False,Review contest misses + plan weekend team virtuals.,,False
Review + notes,10/22/2026,9:00 PM,10/22/2026,9:30 PM,False,"One page: new patterns, mistakes, tricks. Update templates.",,False
GSoC Stage 1-2: Git + Python + Stats,10/23/2026,5:30 AM,10/23/2026,8:00 AM,False,Head First Git -> Fluent Python -> pytest -> Practical Statistics. 3 OSS PRs by Dec 31.,,False
CP maintenance + team practice,10/23/2026,4:00 PM,10/23/2026,6:30 PM,False,3 contests/week + upsolve hardest miss. Team virtuals on weekends (ICPC format).,,False
GSoC Stage 1-2 books,10/23/2026,7:00 PM,10/23/2026,9:00 PM,False,Git/Python/OSS reading — 3 PRs by Dec 31.,,False
Review + notes,10/23/2026,9:00 PM,10/23/2026,9:30 PM,False,"One page: new patterns, mistakes, tricks. Update templates.",,False
GSoC Stage 1-2 books,10/24/2026,8:00 AM,10/24/2026,10:30 AM,False,Git/Python/Stats reading.,,False
Team virtual #1 (ICPC format),10/24/2026,10:30 AM,10/24/2026,1:00 PM,False,3-persons-1-machine practice.,,False
Upsolve + role specialization,10/24/2026,1:00 PM,10/24/2026,4:00 PM,False,Implementation / math / graphs roles.,,False
AtCoder ABC,10/24/2026,5:30 PM,10/24/2026,8:30 PM,False,A-D target.,,False
GSoC Stage 1-2 books,10/25/2026,8:00 AM,10/25/2026,10:30 AM,False,Git/Python/Stats reading.,,False
Team virtual #1 (ICPC format),10/25/2026,10:30 AM,10/25/2026,1:00 PM,False,3-persons-1-machine practice.,,False
Upsolve + role specialization,10/25/2026,1:00 PM,10/25/2026,4:00 PM,False,Implementation / math / graphs roles.,,False
Team virtual #2 + Virtual CF,10/25/2026,4:30 PM,10/25/2026,7:30 PM,False,ICPC-format reps.,,False
Weekly review + tracker update,10/25/2026,9:30 PM,10/25/2026,10:00 PM,False,All 3 tracks check-in.,,False
GSoC Stage 1-2: Git + Python + Stats,10/26/2026,5:30 AM,10/26/2026,8:00 AM,False,Head First Git -> Fluent Python -> pytest -> Practical Statistics. 3 OSS PRs by Dec 31.,,False
CP maintenance + team practice,10/26/2026,4:00 PM,10/26/2026,6:30 PM,False,3 contests/week + upsolve hardest miss. Team virtuals on weekends (ICPC format).,,False
GSoC Stage 1-2 books,10/26/2026,7:00 PM,10/26/2026,9:00 PM,False,Git/Python/OSS reading — 3 PRs by Dec 31.,,False
Review + notes,10/26/2026,9:00 PM,10/26/2026,9:30 PM,False,"One page: new patterns, mistakes, tricks. Update templates.",,False
GSoC Stage 1-2: Git + Python + Stats,10/27/2026,5:30 AM,10/27/2026,8:00 AM,False,Head First Git -> Fluent Python -> pytest -> Practical Statistics. 3 OSS PRs by Dec 31.,,False
CP maintenance + team practice,10/27/2026,4:00 PM,10/27/2026,6:30 PM,False,3 contests/week + upsolve hardest miss. Team virtuals on weekends (ICPC format).,,False
Codeforces contest,10/27/2026,7:00 PM,10/27/2026,9:00 PM,False,CF ~20:05/22:35 IST. Upsolve hardest miss only.,,False
Review + notes,10/27/2026,9:00 PM,10/27/2026,9:30 PM,False,"One page: new patterns, mistakes, tricks. Update templates.",,False
GSoC Stage 1-2: Git + Python + Stats,10/28/2026,5:30 AM,10/28/2026,8:00 AM,False,Head First Git -> Fluent Python -> pytest -> Practical Statistics. 3 OSS PRs by Dec 31.,,False
CP maintenance + team practice,10/28/2026,4:00 PM,10/28/2026,6:30 PM,False,3 contests/week + upsolve hardest miss. Team virtuals on weekends (ICPC format).,,False
CodeChef Starters,10/28/2026,7:00 PM,10/28/2026,9:00 PM,False,Wed 20:00 IST.,,False
Review + notes,10/28/2026,9:00 PM,10/28/2026,9:30 PM,False,"One page: new patterns, mistakes, tricks. Update templates.",,False
GSoC Stage 1-2: Git + Python + Stats,10/29/2026,5:30 AM,10/29/2026,8:00 AM,False,Head First Git -> Fluent Python -> pytest -> Practical Statistics. 3 OSS PRs by Dec 31.,,False
CP maintenance + team practice,10/29/2026,4:00 PM,10/29/2026,6:30 PM,False,3 contests/week + upsolve hardest miss. Team virtuals on weekends (ICPC format).,,False
Upsolve + team strategy,10/29/2026,7:00 PM,10/29/2026,9:00 PM,False,Review contest misses + plan weekend team virtuals.,,False
Review + notes,10/29/2026,9:00 PM,10/29/2026,9:30 PM,False,"One page: new patterns, mistakes, tricks. Update templates.",,False
GSoC Stage 1-2: Git + Python + Stats,10/30/2026,5:30 AM,10/30/2026,8:00 AM,False,Head First Git -> Fluent Python -> pytest -> Practical Statistics. 3 OSS PRs by Dec 31.,,False
CP maintenance + team practice,10/30/2026,4:00 PM,10/30/2026,6:30 PM,False,3 contests/week + upsolve hardest miss. Team virtuals on weekends (ICPC format).,,False
GSoC Stage 1-2 books,10/30/2026,7:00 PM,10/30/2026,9:00 PM,False,Git/Python/OSS reading — 3 PRs by Dec 31.,,False
Review + notes,10/30/2026,9:00 PM,10/30/2026,9:30 PM,False,"One page: new patterns, mistakes, tricks. Update templates.",,False
GSoC Stage 1-2 books,10/31/2026,8:00 AM,10/31/2026,10:30 AM,False,Git/Python/Stats reading.,,False
Team virtual #1 (ICPC format),10/31/2026,10:30 AM,10/31/2026,1:00 PM,False,3-persons-1-machine practice.,,False
Upsolve + role specialization,10/31/2026,1:00 PM,10/31/2026,4:00 PM,False,Implementation / math / graphs roles.,,False
AtCoder ABC,10/31/2026,5:30 PM,10/31/2026,8:30 PM,False,A-D target.,,False
GSoC Stage 1-2 books,11/01/2026,8:00 AM,11/01/2026,10:30 AM,False,Git/Python/Stats reading.,,False
Team virtual #1 (ICPC format),11/01/2026,10:30 AM,11/01/2026,1:00 PM,False,3-persons-1-machine practice.,,False
Upsolve + role specialization,11/01/2026,1:00 PM,11/01/2026,4:00 PM,False,Implementation / math / graphs roles.,,False
Team virtual #2 + Virtual CF,11/01/2026,4:30 PM,11/01/2026,7:30 PM,False,ICPC-format reps.,,False
Weekly review + tracker update,11/01/2026,9:30 PM,11/01/2026,10:00 PM,False,All 3 tracks check-in.,,False
GSoC Stage 1-2: Git + Python + Stats,11/02/2026,5:30 AM,11/02/2026,8:00 AM,False,Head First Git -> Fluent Python -> pytest -> Practical Statistics. 3 OSS PRs by Dec 31.,,False
CP maintenance + team practice,11/02/2026,4:00 PM,11/02/2026,6:30 PM,False,3 contests/week + upsolve hardest miss. Team virtuals on weekends (ICPC format).,,False
GSoC Stage 1-2 books,11/02/2026,7:00 PM,11/02/2026,9:00 PM,False,Git/Python/OSS reading — 3 PRs by Dec 31.,,False
Review + notes,11/02/2026,9:00 PM,11/02/2026,9:30 PM,False,"One page: new patterns, mistakes, tricks. Update templates.",,False
GSoC Stage 1-2: Git + Python + Stats,11/03/2026,5:30 AM,11/03/2026,8:00 AM,False,Head First Git -> Fluent Python -> pytest -> Practical Statistics. 3 OSS PRs by Dec 31.,,False
CP maintenance + team practice,11/03/2026,4:00 PM,11/03/2026,6:30 PM,False,3 contests/week + upsolve hardest miss. Team virtuals on weekends (ICPC format).,,False
Codeforces contest,11/03/2026,7:00 PM,11/03/2026,9:00 PM,False,CF ~20:05/22:35 IST. Upsolve hardest miss only.,,False
Review + notes,11/03/2026,9:00 PM,11/03/2026,9:30 PM,False,"One page: new patterns, mistakes, tricks. Update templates.",,False
GSoC Stage 1-2: Git + Python + Stats,11/04/2026,5:30 AM,11/04/2026,8:00 AM,False,Head First Git -> Fluent Python -> pytest -> Practical Statistics. 3 OSS PRs by Dec 31.,,False
CP maintenance + team practice,11/04/2026,4:00 PM,11/04/2026,6:30 PM,False,3 contests/week + upsolve hardest miss. Team virtuals on weekends (ICPC format).,,False
CodeChef Starters,11/04/2026,7:00 PM,11/04/2026,9:00 PM,False,Wed 20:00 IST.,,False
Review + notes,11/04/2026,9:00 PM,11/04/2026,9:30 PM,False,"One page: new patterns, mistakes, tricks. Update templates.",,False
GSoC Stage 1-2: Git + Python + Stats,11/05/2026,5:30 AM,11/05/2026,8:00 AM,False,Head First Git -> Fluent Python -> pytest -> Practical Statistics. 3 OSS PRs by Dec 31.,,False
CP maintenance + team practice,11/05/2026,4:00 PM,11/05/2026,6:30 PM,False,3 contests/week + upsolve hardest miss. Team virtuals on weekends (ICPC format).,,False
Upsolve + team strategy,11/05/2026,7:00 PM,11/05/2026,9:00 PM,False,Review contest misses + plan weekend team virtuals.,,False
Review + notes,11/05/2026,9:00 PM,11/05/2026,9:30 PM,False,"One page: new patterns, mistakes, tricks. Update templates.",,False
GSoC Stage 1-2: Git + Python + Stats,11/06/2026,5:30 AM,11/06/2026,8:00 AM,False,Head First Git -> Fluent Python -> pytest -> Practical Statistics. 3 OSS PRs by Dec 31.,,False
CP maintenance + team practice,11/06/2026,4:00 PM,11/06/2026,6:30 PM,False,3 contests/week + upsolve hardest miss. Team virtuals on weekends (ICPC format).,,False
GSoC Stage 1-2 books,11/06/2026,7:00 PM,11/06/2026,9:00 PM,False,Git/Python/OSS reading — 3 PRs by Dec 31.,,False
Review + notes,11/06/2026,9:00 PM,11/06/2026,9:30 PM,False,"One page: new patterns, mistakes, tricks. Update templates.",,False
GSoC Stage 1-2 books,11/07/2026,8:00 AM,11/07/2026,10:30 AM,False,Git/Python/Stats reading.,,False
Team virtual #1 (ICPC format),11/07/2026,10:30 AM,11/07/2026,1:00 PM,False,3-persons-1-machine practice.,,False
Upsolve + role specialization,11/07/2026,1:00 PM,11/07/2026,4:00 PM,False,Implementation / math / graphs roles.,,False
AtCoder ABC,11/07/2026,5:30 PM,11/07/2026,8:30 PM,False,A-D target.,,False
GSoC Stage 1-2 books,11/08/2026,8:00 AM,11/08/2026,10:30 AM,False,Git/Python/Stats reading.,,False
Team virtual #1 (ICPC format),11/08/2026,10:30 AM,11/08/2026,1:00 PM,False,3-persons-1-machine practice.,,False
Upsolve + role specialization,11/08/2026,1:00 PM,11/08/2026,4:00 PM,False,Implementation / math / graphs roles.,,False
Team virtual #2 + Virtual CF,11/08/2026,4:30 PM,11/08/2026,7:30 PM,False,ICPC-format reps.,,False
Weekly review + tracker update,11/08/2026,9:30 PM,11/08/2026,10:00 PM,False,All 3 tracks check-in.,,False
GSoC Stage 1-2: Git + Python + Stats,11/09/2026,5:30 AM,11/09/2026,8:00 AM,False,Head First Git -> Fluent Python -> pytest -> Practical Statistics. 3 OSS PRs by Dec 31.,,False
CP maintenance + team practice,11/09/2026,4:00 PM,11/09/2026,6:30 PM,False,3 contests/week + upsolve hardest miss. Team virtuals on weekends (ICPC format).,,False
GSoC Stage 1-2 books,11/09/2026,7:00 PM,11/09/2026,9:00 PM,False,Git/Python/OSS reading — 3 PRs by Dec 31.,,False
Review + notes,11/09/2026,9:00 PM,11/09/2026,9:30 PM,False,"One page: new patterns, mistakes, tricks. Update templates.",,False
GSoC Stage 1-2: Git + Python + Stats,11/10/2026,5:30 AM,11/10/2026,8:00 AM,False,Head First Git -> Fluent Python -> pytest -> Practical Statistics. 3 OSS PRs by Dec 31.,,False
CP maintenance + team practice,11/10/2026,4:00 PM,11/10/2026,6:30 PM,False,3 contests/week + upsolve hardest miss. Team virtuals on weekends (ICPC format).,,False
Codeforces contest,11/10/2026,7:00 PM,11/10/2026,9:00 PM,False,CF ~20:05/22:35 IST. Upsolve hardest miss only.,,False
Review + notes,11/10/2026,9:00 PM,11/10/2026,9:30 PM,False,"One page: new patterns, mistakes, tricks. Update templates.",,False
GSoC Stage 1-2: Git + Python + Stats,11/11/2026,5:30 AM,11/11/2026,8:00 AM,False,Head First Git -> Fluent Python -> pytest -> Practical Statistics. 3 OSS PRs by Dec 31.,,False
CP maintenance + team practice,11/11/2026,4:00 PM,11/11/2026,6:30 PM,False,3 contests/week + upsolve hardest miss. Team virtuals on weekends (ICPC format).,,False
CodeChef Starters,11/11/2026,7:00 PM,11/11/2026,9:00 PM,False,Wed 20:00 IST.,,False
Review + notes,11/11/2026,9:00 PM,11/11/2026,9:30 PM,False,"One page: new patterns, mistakes, tricks. Update templates.",,False
GSoC Stage 1-2: Git + Python + Stats,11/12/2026,5:30 AM,11/12/2026,8:00 AM,False,Head First Git -> Fluent Python -> pytest -> Practical Statistics. 3 OSS PRs by Dec 31.,,False
CP maintenance + team practice,11/12/2026,4:00 PM,11/12/2026,6:30 PM,False,3 contests/week + upsolve hardest miss. Team virtuals on weekends (ICPC format).,,False
Upsolve + team strategy,11/12/2026,7:00 PM,11/12/2026,9:00 PM,False,Review contest misses + plan weekend team virtuals.,,False
Review + notes,11/12/2026,9:00 PM,11/12/2026,9:30 PM,False,"One page: new patterns, mistakes, tricks. Update templates.",,False
GSoC Stage 1-2: Git + Python + Stats,11/13/2026,5:30 AM,11/13/2026,8:00 AM,False,Head First Git -> Fluent Python -> pytest -> Practical Statistics. 3 OSS PRs by Dec 31.,,False
CP maintenance + team practice,11/13/2026,4:00 PM,11/13/2026,6:30 PM,False,3 contests/week + upsolve hardest miss. Team virtuals on weekends (ICPC format).,,False
GSoC Stage 1-2 books,11/13/2026,7:00 PM,11/13/2026,9:00 PM,False,Git/Python/OSS reading — 3 PRs by Dec 31.,,False
Review + notes,11/13/2026,9:00 PM,11/13/2026,9:30 PM,False,"One page: new patterns, mistakes, tricks. Update templates.",,False
GSoC Stage 1-2 books,11/14/2026,8:00 AM,11/14/2026,10:30 AM,False,Git/Python/Stats reading.,,False
Team virtual #1 (ICPC format),11/14/2026,10:30 AM,11/14/2026,1:00 PM,False,3-persons-1-machine practice.,,False
Upsolve + role specialization,11/14/2026,1:00 PM,11/14/2026,4:00 PM,False,Implementation / math / graphs roles.,,False
AtCoder ABC,11/14/2026,5:30 PM,11/14/2026,8:30 PM,False,A-D target.,,False
GSoC Stage 1-2 books,11/15/2026,8:00 AM,11/15/2026,10:30 AM,False,Git/Python/Stats reading.,,False
Team virtual #1 (ICPC format),11/15/2026,10:30 AM,11/15/2026,1:00 PM,False,3-persons-1-machine practice.,,False
Upsolve + role specialization,11/15/2026,1:00 PM,11/15/2026,4:00 PM,False,Implementation / math / graphs roles.,,False
Team virtual #2 + Virtual CF,11/15/2026,4:30 PM,11/15/2026,7:30 PM,False,ICPC-format reps.,,False
Weekly review + tracker update,11/15/2026,9:30 PM,11/15/2026,10:00 PM,False,All 3 tracks check-in.,,False
GSoC Stage 1-2: Git + Python + Stats,11/16/2026,5:30 AM,11/16/2026,8:00 AM,False,Head First Git -> Fluent Python -> pytest -> Practical Statistics. 3 OSS PRs by Dec 31.,,False
CP maintenance + team practice,11/16/2026,4:00 PM,11/16/2026,6:30 PM,False,3 contests/week + upsolve hardest miss. Team virtuals on weekends (ICPC format).,,False
GSoC Stage 1-2 books,11/16/2026,7:00 PM,11/16/2026,9:00 PM,False,Git/Python/OSS reading — 3 PRs by Dec 31.,,False
Review + notes,11/16/2026,9:00 PM,11/16/2026,9:30 PM,False,"One page: new patterns, mistakes, tricks. Update templates.",,False
GSoC Stage 1-2: Git + Python + Stats,11/17/2026,5:30 AM,11/17/2026,8:00 AM,False,Head First Git -> Fluent Python -> pytest -> Practical Statistics. 3 OSS PRs by Dec 31.,,False
CP maintenance + team practice,11/17/2026,4:00 PM,11/17/2026,6:30 PM,False,3 contests/week + upsolve hardest miss. Team virtuals on weekends (ICPC format).,,False
Codeforces contest,11/17/2026,7:00 PM,11/17/2026,9:00 PM,False,CF ~20:05/22:35 IST. Upsolve hardest miss only.,,False
Review + notes,11/17/2026,9:00 PM,11/17/2026,9:30 PM,False,"One page: new patterns, mistakes, tricks. Update templates.",,False
GSoC Stage 1-2: Git + Python + Stats,11/18/2026,5:30 AM,11/18/2026,8:00 AM,False,Head First Git -> Fluent Python -> pytest -> Practical Statistics. 3 OSS PRs by Dec 31.,,False
CP maintenance + team practice,11/18/2026,4:00 PM,11/18/2026,6:30 PM,False,3 contests/week + upsolve hardest miss. Team virtuals on weekends (ICPC format).,,False
CodeChef Starters,11/18/2026,7:00 PM,11/18/2026,9:00 PM,False,Wed 20:00 IST.,,False
Review + notes,11/18/2026,9:00 PM,11/18/2026,9:30 PM,False,"One page: new patterns, mistakes, tricks. Update templates.",,False
GSoC Stage 1-2: Git + Python + Stats,11/19/2026,5:30 AM,11/19/2026,8:00 AM,False,Head First Git -> Fluent Python -> pytest -> Practical Statistics. 3 OSS PRs by Dec 31.,,False
CP maintenance + team practice,11/19/2026,4:00 PM,11/19/2026,6:30 PM,False,3 contests/week + upsolve hardest miss. Team virtuals on weekends (ICPC format).,,False
Upsolve + team strategy,11/19/2026,7:00 PM,11/19/2026,9:00 PM,False,Review contest misses + plan weekend team virtuals.,,False
Review + notes,11/19/2026,9:00 PM,11/19/2026,9:30 PM,False,"One page: new patterns, mistakes, tricks. Update templates.",,False
GSoC Stage 1-2: Git + Python + Stats,11/20/2026,5:30 AM,11/20/2026,8:00 AM,False,Head First Git -> Fluent Python -> pytest -> Practical Statistics. 3 OSS PRs by Dec 31.,,False
CP maintenance + team practice,11/20/2026,4:00 PM,11/20/2026,6:30 PM,False,3 contests/week + upsolve hardest miss. Team virtuals on weekends (ICPC format).,,False
GSoC Stage 1-2 books,11/20/2026,7:00 PM,11/20/2026,9:00 PM,False,Git/Python/OSS reading — 3 PRs by Dec 31.,,False
Review + notes,11/20/2026,9:00 PM,11/20/2026,9:30 PM,False,"One page: new patterns, mistakes, tricks. Update templates.",,False
GSoC Stage 1-2 books,11/21/2026,8:00 AM,11/21/2026,10:30 AM,False,Git/Python/Stats reading.,,False
Team virtual #1 (ICPC format),11/21/2026,10:30 AM,11/21/2026,1:00 PM,False,3-persons-1-machine practice.,,False
Upsolve + role specialization,11/21/2026,1:00 PM,11/21/2026,4:00 PM,False,Implementation / math / graphs roles.,,False
AtCoder ABC,11/21/2026,5:30 PM,11/21/2026,8:30 PM,False,A-D target.,,False
GSoC Stage 1-2 books,11/22/2026,8:00 AM,11/22/2026,10:30 AM,False,Git/Python/Stats reading.,,False
Team virtual #1 (ICPC format),11/22/2026,10:30 AM,11/22/2026,1:00 PM,False,3-persons-1-machine practice.,,False
Upsolve + role specialization,11/22/2026,1:00 PM,11/22/2026,4:00 PM,False,Implementation / math / graphs roles.,,False
Team virtual #2 + Virtual CF,11/22/2026,4:30 PM,11/22/2026,7:30 PM,False,ICPC-format reps.,,False
Weekly review + tracker update,11/22/2026,9:30 PM,11/22/2026,10:00 PM,False,All 3 tracks check-in.,,False
GSoC Stage 1-2: Git + Python + Stats,11/23/2026,5:30 AM,11/23/2026,8:00 AM,False,Head First Git -> Fluent Python -> pytest -> Practical Statistics. 3 OSS PRs by Dec 31.,,False
CP maintenance + team practice,11/23/2026,4:00 PM,11/23/2026,6:30 PM,False,3 contests/week + upsolve hardest miss. Team virtuals on weekends (ICPC format).,,False
GSoC Stage 1-2 books,11/23/2026,7:00 PM,11/23/2026,9:00 PM,False,Git/Python/OSS reading — 3 PRs by Dec 31.,,False
Review + notes,11/23/2026,9:00 PM,11/23/2026,9:30 PM,False,"One page: new patterns, mistakes, tricks. Update templates.",,False
GSoC Stage 1-2: Git + Python + Stats,11/24/2026,5:30 AM,11/24/2026,8:00 AM,False,Head First Git -> Fluent Python -> pytest -> Practical Statistics. 3 OSS PRs by Dec 31.,,False
CP maintenance + team practice,11/24/2026,4:00 PM,11/24/2026,6:30 PM,False,3 contests/week + upsolve hardest miss. Team virtuals on weekends (ICPC format).,,False
Codeforces contest,11/24/2026,7:00 PM,11/24/2026,9:00 PM,False,CF ~20:05/22:35 IST. Upsolve hardest miss only.,,False
Review + notes,11/24/2026,9:00 PM,11/24/2026,9:30 PM,False,"One page: new patterns, mistakes, tricks. Update templates.",,False
GSoC Stage 1-2: Git + Python + Stats,11/25/2026,5:30 AM,11/25/2026,8:00 AM,False,Head First Git -> Fluent Python -> pytest -> Practical Statistics. 3 OSS PRs by Dec 31.,,False
CP maintenance + team practice,11/25/2026,4:00 PM,11/25/2026,6:30 PM,False,3 contests/week + upsolve hardest miss. Team virtuals on weekends (ICPC format).,,False
CodeChef Starters,11/25/2026,7:00 PM,11/25/2026,9:00 PM,False,Wed 20:00 IST.,,False
Review + notes,11/25/2026,9:00 PM,11/25/2026,9:30 PM,False,"One page: new patterns, mistakes, tricks. Update templates.",,False
GSoC Stage 1-2: Git + Python + Stats,11/26/2026,5:30 AM,11/26/2026,8:00 AM,False,Head First Git -> Fluent Python -> pytest -> Practical Statistics. 3 OSS PRs by Dec 31.,,False
CP maintenance + team practice,11/26/2026,4:00 PM,11/26/2026,6:30 PM,False,3 contests/week + upsolve hardest miss. Team virtuals on weekends (ICPC format).,,False
Upsolve + team strategy,11/26/2026,7:00 PM,11/26/2026,9:00 PM,False,Review contest misses + plan weekend team virtuals.,,False
Review + notes,11/26/2026,9:00 PM,11/26/2026,9:30 PM,False,"One page: new patterns, mistakes, tricks. Update templates.",,False
GSoC Stage 1-2: Git + Python + Stats,11/27/2026,5:30 AM,11/27/2026,8:00 AM,False,Head First Git -> Fluent Python -> pytest -> Practical Statistics. 3 OSS PRs by Dec 31.,,False
CP maintenance + team practice,11/27/2026,4:00 PM,11/27/2026,6:30 PM,False,3 contests/week + upsolve hardest miss. Team virtuals on weekends (ICPC format).,,False
GSoC Stage 1-2 books,11/27/2026,7:00 PM,11/27/2026,9:00 PM,False,Git/Python/OSS reading — 3 PRs by Dec 31.,,False
Review + notes,11/27/2026,9:00 PM,11/27/2026,9:30 PM,False,"One page: new patterns, mistakes, tricks. Update templates.",,False
GSoC Stage 1-2 books,11/28/2026,8:00 AM,11/28/2026,10:30 AM,False,Git/Python/Stats reading.,,False
Team virtual #1 (ICPC format),11/28/2026,10:30 AM,11/28/2026,1:00 PM,False,3-persons-1-machine practice.,,False
Upsolve + role specialization,11/28/2026,1:00 PM,11/28/2026,4:00 PM,False,Implementation / math / graphs roles.,,False
AtCoder ABC,11/28/2026,5:30 PM,11/28/2026,8:30 PM,False,A-D target.,,False
GSoC Stage 1-2 books,11/29/2026,8:00 AM,11/29/2026,10:30 AM,False,Git/Python/Stats reading.,,False
Team virtual #1 (ICPC format),11/29/2026,10:30 AM,11/29/2026,1:00 PM,False,3-persons-1-machine practice.,,False
Upsolve + role specialization,11/29/2026,1:00 PM,11/29/2026,4:00 PM,False,Implementation / math / graphs roles.,,False
Team virtual #2 + Virtual CF,11/29/2026,4:30 PM,11/29/2026,7:30 PM,False,ICPC-format reps.,,False
Weekly review + tracker update,11/29/2026,9:30 PM,11/29/2026,10:00 PM,False,All 3 tracks check-in.,,False
GSoC Stage 1-2: Git + Python + Stats,11/30/2026,5:30 AM,11/30/2026,8:00 AM,False,Head First Git -> Fluent Python -> pytest -> Practical Statistics. 3 OSS PRs by Dec 31.,,False
CP maintenance + team practice,11/30/2026,4:00 PM,11/30/2026,6:30 PM,False,3 contests/week + upsolve hardest miss. Team virtuals on weekends (ICPC format).,,False
GSoC Stage 1-2 books,11/30/2026,7:00 PM,11/30/2026,9:00 PM,False,Git/Python/OSS reading — 3 PRs by Dec 31.,,False
Review + notes,11/30/2026,9:00 PM,11/30/2026,9:30 PM,False,"One page: new patterns, mistakes, tricks. Update templates.",,False
GSoC Stage 1-2: Git + Python + Stats,12/01/2026,5:30 AM,12/01/2026,8:00 AM,False,Head First Git -> Fluent Python -> pytest -> Practical Statistics. 3 OSS PRs by Dec 31.,,False
CP maintenance + team practice,12/01/2026,4:00 PM,12/01/2026,6:30 PM,False,3 contests/week + upsolve hardest miss. Team virtuals on weekends (ICPC format).,,False
Codeforces contest,12/01/2026,7:00 PM,12/01/2026,9:00 PM,False,CF ~20:05/22:35 IST. Upsolve hardest miss only.,,False
Review + notes,12/01/2026,9:00 PM,12/01/2026,9:30 PM,False,"One page: new patterns, mistakes, tricks. Update templates.",,False
GSoC Stage 1-2: Git + Python + Stats,12/02/2026,5:30 AM,12/02/2026,8:00 AM,False,Head First Git -> Fluent Python -> pytest -> Practical Statistics. 3 OSS PRs by Dec 31.,,False
CP maintenance + team practice,12/02/2026,4:00 PM,12/02/2026,6:30 PM,False,3 contests/week + upsolve hardest miss. Team virtuals on weekends (ICPC format).,,False
CodeChef Starters,12/02/2026,7:00 PM,12/02/2026,9:00 PM,False,Wed 20:00 IST.,,False
Review + notes,12/02/2026,9:00 PM,12/02/2026,9:30 PM,False,"One page: new patterns, mistakes, tricks. Update templates.",,False
GSoC Stage 1-2: Git + Python + Stats,12/03/2026,5:30 AM,12/03/2026,8:00 AM,False,Head First Git -> Fluent Python -> pytest -> Practical Statistics. 3 OSS PRs by Dec 31.,,False
CP maintenance + team practice,12/03/2026,4:00 PM,12/03/2026,6:30 PM,False,3 contests/week + upsolve hardest miss. Team virtuals on weekends (ICPC format).,,False
Upsolve + team strategy,12/03/2026,7:00 PM,12/03/2026,9:00 PM,False,Review contest misses + plan weekend team virtuals.,,False
Review + notes,12/03/2026,9:00 PM,12/03/2026,9:30 PM,False,"One page: new patterns, mistakes, tricks. Update templates.",,False
GSoC Stage 1-2: Git + Python + Stats,12/04/2026,5:30 AM,12/04/2026,8:00 AM,False,Head First Git -> Fluent Python -> pytest -> Practical Statistics. 3 OSS PRs by Dec 31.,,False
CP maintenance + team practice,12/04/2026,4:00 PM,12/04/2026,6:30 PM,False,3 contests/week + upsolve hardest miss. Team virtuals on weekends (ICPC format).,,False
GSoC Stage 1-2 books,12/04/2026,7:00 PM,12/04/2026,9:00 PM,False,Git/Python/OSS reading — 3 PRs by Dec 31.,,False
Review + notes,12/04/2026,9:00 PM,12/04/2026,9:30 PM,False,"One page: new patterns, mistakes, tricks. Update templates.",,False
GSoC Stage 1-2 books,12/05/2026,8:00 AM,12/05/2026,10:30 AM,False,Git/Python/Stats reading.,,False
Team virtual #1 (ICPC format),12/05/2026,10:30 AM,12/05/2026,1:00 PM,False,3-persons-1-machine practice.,,False
Upsolve + role specialization,12/05/2026,1:00 PM,12/05/2026,4:00 PM,False,Implementation / math / graphs roles.,,False
AtCoder ABC,12/05/2026,5:30 PM,12/05/2026,8:30 PM,False,A-D target.,,False
GSoC Stage 1-2 books,12/06/2026,8:00 AM,12/06/2026,10:30 AM,False,Git/Python/Stats reading.,,False
Team virtual #1 (ICPC format),12/06/2026,10:30 AM,12/06/2026,1:00 PM,False,3-persons-1-machine practice.,,False
Upsolve + role specialization,12/06/2026,1:00 PM,12/06/2026,4:00 PM,False,Implementation / math / graphs roles.,,False
Team virtual #2 + Virtual CF,12/06/2026,4:30 PM,12/06/2026,7:30 PM,False,ICPC-format reps.,,False
Weekly review + tracker update,12/06/2026,9:30 PM,12/06/2026,10:00 PM,False,All 3 tracks check-in.,,False
GSoC Stage 1-2: Git + Python + Stats,12/07/2026,5:30 AM,12/07/2026,8:00 AM,False,Head First Git -> Fluent Python -> pytest -> Practical Statistics. 3 OSS PRs by Dec 31.,,False
CP maintenance + team practice,12/07/2026,4:00 PM,12/07/2026,6:30 PM,False,3 contests/week + upsolve hardest miss. Team virtuals on weekends (ICPC format).,,False
GSoC Stage 1-2 books,12/07/2026,7:00 PM,12/07/2026,9:00 PM,False,Git/Python/OSS reading — 3 PRs by Dec 31.,,False
Review + notes,12/07/2026,9:00 PM,12/07/2026,9:30 PM,False,"One page: new patterns, mistakes, tricks. Update templates.",,False
GSoC Stage 1-2: Git + Python + Stats,12/08/2026,5:30 AM,12/08/2026,8:00 AM,False,Head First Git -> Fluent Python -> pytest -> Practical Statistics. 3 OSS PRs by Dec 31.,,False
CP maintenance + team practice,12/08/2026,4:00 PM,12/08/2026,6:30 PM,False,3 contests/week + upsolve hardest miss. Team virtuals on weekends (ICPC format).,,False
Codeforces contest,12/08/2026,7:00 PM,12/08/2026,9:00 PM,False,CF ~20:05/22:35 IST. Upsolve hardest miss only.,,False
Review + notes,12/08/2026,9:00 PM,12/08/2026,9:30 PM,False,"One page: new patterns, mistakes, tricks. Update templates.",,False
GSoC Stage 1-2: Git + Python + Stats,12/09/2026,5:30 AM,12/09/2026,8:00 AM,False,Head First Git -> Fluent Python -> pytest -> Practical Statistics. 3 OSS PRs by Dec 31.,,False
CP maintenance + team practice,12/09/2026,4:00 PM,12/09/2026,6:30 PM,False,3 contests/week + upsolve hardest miss. Team virtuals on weekends (ICPC format).,,False
CodeChef Starters,12/09/2026,7:00 PM,12/09/2026,9:00 PM,False,Wed 20:00 IST.,,False
Review + notes,12/09/2026,9:00 PM,12/09/2026,9:30 PM,False,"One page: new patterns, mistakes, tricks. Update templates.",,False
GSoC Stage 1-2: Git + Python + Stats,12/10/2026,5:30 AM,12/10/2026,8:00 AM,False,Head First Git -> Fluent Python -> pytest -> Practical Statistics. 3 OSS PRs by Dec 31.,,False
CP maintenance + team practice,12/10/2026,4:00 PM,12/10/2026,6:30 PM,False,3 contests/week + upsolve hardest miss. Team virtuals on weekends (ICPC format).,,False
Upsolve + team strategy,12/10/2026,7:00 PM,12/10/2026,9:00 PM,False,Review contest misses + plan weekend team virtuals.,,False
Review + notes,12/10/2026,9:00 PM,12/10/2026,9:30 PM,False,"One page: new patterns, mistakes, tricks. Update templates.",,False
GSoC Stage 1-2: Git + Python + Stats,12/11/2026,5:30 AM,12/11/2026,8:00 AM,False,Head First Git -> Fluent Python -> pytest -> Practical Statistics. 3 OSS PRs by Dec 31.,,False
CP maintenance + team practice,12/11/2026,4:00 PM,12/11/2026,6:30 PM,False,3 contests/week + upsolve hardest miss. Team virtuals on weekends (ICPC format).,,False
GSoC Stage 1-2 books,12/11/2026,7:00 PM,12/11/2026,9:00 PM,False,Git/Python/OSS reading — 3 PRs by Dec 31.,,False
Review + notes,12/11/2026,9:00 PM,12/11/2026,9:30 PM,False,"One page: new patterns, mistakes, tricks. Update templates.",,False
GSoC Stage 1-2 books,12/12/2026,8:00 AM,12/12/2026,10:30 AM,False,Git/Python/Stats reading.,,False
Team virtual #1 (ICPC format),12/12/2026,10:30 AM,12/12/2026,1:00 PM,False,3-persons-1-machine practice.,,False
Upsolve + role specialization,12/12/2026,1:00 PM,12/12/2026,4:00 PM,False,Implementation / math / graphs roles.,,False
AtCoder ABC,12/12/2026,5:30 PM,12/12/2026,8:30 PM,False,A-D target.,,False
GSoC Stage 1-2 books,12/13/2026,8:00 AM,12/13/2026,10:30 AM,False,Git/Python/Stats reading.,,False
Team virtual #1 (ICPC format),12/13/2026,10:30 AM,12/13/2026,1:00 PM,False,3-persons-1-machine practice.,,False
Upsolve + role specialization,12/13/2026,1:00 PM,12/13/2026,4:00 PM,False,Implementation / math / graphs roles.,,False
Team virtual #2 + Virtual CF,12/13/2026,4:30 PM,12/13/2026,7:30 PM,False,ICPC-format reps.,,False
Weekly review + tracker update,12/13/2026,9:30 PM,12/13/2026,10:00 PM,False,All 3 tracks check-in.,,False
GSoC Stage 1-2: Git + Python + Stats,12/14/2026,5:30 AM,12/14/2026,8:00 AM,False,Head First Git -> Fluent Python -> pytest -> Practical Statistics. 3 OSS PRs by Dec 31.,,False
CP maintenance + team practice,12/14/2026,4:00 PM,12/14/2026,6:30 PM,False,3 contests/week + upsolve hardest miss. Team virtuals on weekends (ICPC format).,,False
GSoC Stage 1-2 books,12/14/2026,7:00 PM,12/14/2026,9:00 PM,False,Git/Python/OSS reading — 3 PRs by Dec 31.,,False
Review + notes,12/14/2026,9:00 PM,12/14/2026,9:30 PM,False,"One page: new patterns, mistakes, tricks. Update templates.",,False
GSoC Stage 1-2: Git + Python + Stats,12/15/2026,5:30 AM,12/15/2026,8:00 AM,False,Head First Git -> Fluent Python -> pytest -> Practical Statistics. 3 OSS PRs by Dec 31.,,False
CP maintenance + team practice,12/15/2026,4:00 PM,12/15/2026,6:30 PM,False,3 contests/week + upsolve hardest miss. Team virtuals on weekends (ICPC format).,,False
Codeforces contest,12/15/2026,7:00 PM,12/15/2026,9:00 PM,False,CF ~20:05/22:35 IST. Upsolve hardest miss only.,,False
Review + notes,12/15/2026,9:00 PM,12/15/2026,9:30 PM,False,"One page: new patterns, mistakes, tricks. Update templates.",,False
GSoC Stage 1-2: Git + Python + Stats,12/16/2026,5:30 AM,12/16/2026,8:00 AM,False,Head First Git -> Fluent Python -> pytest -> Practical Statistics. 3 OSS PRs by Dec 31.,,False
CP maintenance + team practice,12/16/2026,4:00 PM,12/16/2026,6:30 PM,False,3 contests/week + upsolve hardest miss. Team virtuals on weekends (ICPC format).,,False
CodeChef Starters,12/16/2026,7:00 PM,12/16/2026,9:00 PM,False,Wed 20:00 IST.,,False
Review + notes,12/16/2026,9:00 PM,12/16/2026,9:30 PM,False,"One page: new patterns, mistakes, tricks. Update templates.",,False
GSoC Stage 1-2: Git + Python + Stats,12/17/2026,5:30 AM,12/17/2026,8:00 AM,False,Head First Git -> Fluent Python -> pytest -> Practical Statistics. 3 OSS PRs by Dec 31.,,False
CP maintenance + team practice,12/17/2026,4:00 PM,12/17/2026,6:30 PM,False,3 contests/week + upsolve hardest miss. Team virtuals on weekends (ICPC format).,,False
Upsolve + team strategy,12/17/2026,7:00 PM,12/17/2026,9:00 PM,False,Review contest misses + plan weekend team virtuals.,,False
Review + notes,12/17/2026,9:00 PM,12/17/2026,9:30 PM,False,"One page: new patterns, mistakes, tricks. Update templates.",,False
GSoC Stage 1-2: Git + Python + Stats,12/18/2026,5:30 AM,12/18/2026,8:00 AM,False,Head First Git -> Fluent Python -> pytest -> Practical Statistics. 3 OSS PRs by Dec 31.,,False
CP maintenance + team practice,12/18/2026,4:00 PM,12/18/2026,6:30 PM,False,3 contests/week + upsolve hardest miss. Team virtuals on weekends (ICPC format).,,False
GSoC Stage 1-2 books,12/18/2026,7:00 PM,12/18/2026,9:00 PM,False,Git/Python/OSS reading — 3 PRs by Dec 31.,,False
Review + notes,12/18/2026,9:00 PM,12/18/2026,9:30 PM,False,"One page: new patterns, mistakes, tricks. Update templates.",,False
GSoC Stage 1-2 books,12/19/2026,8:00 AM,12/19/2026,10:30 AM,False,Git/Python/Stats reading.,,False
Team virtual #1 (ICPC format),12/19/2026,10:30 AM,12/19/2026,1:00 PM,False,3-persons-1-machine practice.,,False
Upsolve + role specialization,12/19/2026,1:00 PM,12/19/2026,4:00 PM,False,Implementation / math / graphs roles.,,False
AtCoder ABC,12/19/2026,5:30 PM,12/19/2026,8:30 PM,False,A-D target.,,False
GSoC Stage 1-2 books,12/20/2026,8:00 AM,12/20/2026,10:30 AM,False,Git/Python/Stats reading.,,False
Team virtual #1 (ICPC format),12/20/2026,10:30 AM,12/20/2026,1:00 PM,False,3-persons-1-machine practice.,,False
Upsolve + role specialization,12/20/2026,1:00 PM,12/20/2026,4:00 PM,False,Implementation / math / graphs roles.,,False
Team virtual #2 + Virtual CF,12/20/2026,4:30 PM,12/20/2026,7:30 PM,False,ICPC-format reps.,,False
Weekly review + tracker update,12/20/2026,9:30 PM,12/20/2026,10:00 PM,False,All 3 tracks check-in.,,False
GSoC Stage 1-2: Git + Python + Stats,12/21/2026,5:30 AM,12/21/2026,8:00 AM,False,Head First Git -> Fluent Python -> pytest -> Practical Statistics. 3 OSS PRs by Dec 31.,,False
CP maintenance + team practice,12/21/2026,4:00 PM,12/21/2026,6:30 PM,False,3 contests/week + upsolve hardest miss. Team virtuals on weekends (ICPC format).,,False
GSoC Stage 1-2 books,12/21/2026,7:00 PM,12/21/2026,9:00 PM,False,Git/Python/OSS reading — 3 PRs by Dec 31.,,False
Review + notes,12/21/2026,9:00 PM,12/21/2026,9:30 PM,False,"One page: new patterns, mistakes, tricks. Update templates.",,False
GSoC Stage 1-2: Git + Python + Stats,12/22/2026,5:30 AM,12/22/2026,8:00 AM,False,Head First Git -> Fluent Python -> pytest -> Practical Statistics. 3 OSS PRs by Dec 31.,,False
CP maintenance + team practice,12/22/2026,4:00 PM,12/22/2026,6:30 PM,False,3 contests/week + upsolve hardest miss. Team virtuals on weekends (ICPC format).,,False
Codeforces contest,12/22/2026,7:00 PM,12/22/2026,9:00 PM,False,CF ~20:05/22:35 IST. Upsolve hardest miss only.,,False
Review + notes,12/22/2026,9:00 PM,12/22/2026,9:30 PM,False,"One page: new patterns, mistakes, tricks. Update templates.",,False
GSoC Stage 1-2: Git + Python + Stats,12/23/2026,5:30 AM,12/23/2026,8:00 AM,False,Head First Git -> Fluent Python -> pytest -> Practical Statistics. 3 OSS PRs by Dec 31.,,False
CP maintenance + team practice,12/23/2026,4:00 PM,12/23/2026,6:30 PM,False,3 contests/week + upsolve hardest miss. Team virtuals on weekends (ICPC format).,,False
CodeChef Starters,12/23/2026,7:00 PM,12/23/2026,9:00 PM,False,Wed 20:00 IST.,,False
Review + notes,12/23/2026,9:00 PM,12/23/2026,9:30 PM,False,"One page: new patterns, mistakes, tricks. Update templates.",,False
GSoC Stage 1-2: Git + Python + Stats,12/24/2026,5:30 AM,12/24/2026,8:00 AM,False,Head First Git -> Fluent Python -> pytest -> Practical Statistics. 3 OSS PRs by Dec 31.,,False
CP maintenance + team practice,12/24/2026,4:00 PM,12/24/2026,6:30 PM,False,3 contests/week + upsolve hardest miss. Team virtuals on weekends (ICPC format).,,False
Upsolve + team strategy,12/24/2026,7:00 PM,12/24/2026,9:00 PM,False,Review contest misses + plan weekend team virtuals.,,False
Review + notes,12/24/2026,9:00 PM,12/24/2026,9:30 PM,False,"One page: new patterns, mistakes, tricks. Update templates.",,False
GSoC Stage 1-2: Git + Python + Stats,12/25/2026,5:30 AM,12/25/2026,8:00 AM,False,Head First Git -> Fluent Python -> pytest -> Practical Statistics. 3 OSS PRs by Dec 31.,,False
CP maintenance + team practice,12/25/2026,4:00 PM,12/25/2026,6:30 PM,False,3 contests/week + upsolve hardest miss. Team virtuals on weekends (ICPC format).,,False
GSoC Stage 1-2 books,12/25/2026,7:00 PM,12/25/2026,9:00 PM,False,Git/Python/OSS reading — 3 PRs by Dec 31.,,False
Review + notes,12/25/2026,9:00 PM,12/25/2026,9:30 PM,False,"One page: new patterns, mistakes, tricks. Update templates.",,False
GSoC Stage 1-2 books,12/26/2026,8:00 AM,12/26/2026,10:30 AM,False,Git/Python/Stats reading.,,False
Team virtual #1 (ICPC format),12/26/2026,10:30 AM,12/26/2026,1:00 PM,False,3-persons-1-machine practice.,,False
Upsolve + role specialization,12/26/2026,1:00 PM,12/26/2026,4:00 PM,False,Implementation / math / graphs roles.,,False
AtCoder ABC,12/26/2026,5:30 PM,12/26/2026,8:30 PM,False,A-D target.,,False
GSoC Stage 1-2 books,12/27/2026,8:00 AM,12/27/2026,10:30 AM,False,Git/Python/Stats reading.,,False
Team virtual #1 (ICPC format),12/27/2026,10:30 AM,12/27/2026,1:00 PM,False,3-persons-1-machine practice.,,False
Upsolve + role specialization,12/27/2026,1:00 PM,12/27/2026,4:00 PM,False,Implementation / math / graphs roles.,,False
Team virtual #2 + Virtual CF,12/27/2026,4:30 PM,12/27/2026,7:30 PM,False,ICPC-format reps.,,False
Weekly review + tracker update,12/27/2026,9:30 PM,12/27/2026,10:00 PM,False,All 3 tracks check-in.,,False
GSoC Stage 1-2: Git + Python + Stats,12/28/2026,5:30 AM,12/28/2026,8:00 AM,False,Head First Git -> Fluent Python -> pytest -> Practical Statistics. 3 OSS PRs by Dec 31.,,False
CP maintenance + team practice,12/28/2026,4:00 PM,12/28/2026,6:30 PM,False,3 contests/week + upsolve hardest miss. Team virtuals on weekends (ICPC format).,,False
GSoC Stage 1-2 books,12/28/2026,7:00 PM,12/28/2026,9:00 PM,False,Git/Python/OSS reading — 3 PRs by Dec 31.,,False
Review + notes,12/28/2026,9:00 PM,12/28/2026,9:30 PM,False,"One page: new patterns, mistakes, tricks. Update templates.",,False
GSoC Stage 1-2: Git + Python + Stats,12/29/2026,5:30 AM,12/29/2026,8:00 AM,False,Head First Git -> Fluent Python -> pytest -> Practical Statistics. 3 OSS PRs by Dec 31.,,False
CP maintenance + team practice,12/29/2026,4:00 PM,12/29/2026,6:30 PM,False,3 contests/week + upsolve hardest miss. Team virtuals on weekends (ICPC format).,,False
Codeforces contest,12/29/2026,7:00 PM,12/29/2026,9:00 PM,False,CF ~20:05/22:35 IST. Upsolve hardest miss only.,,False
Review + notes,12/29/2026,9:00 PM,12/29/2026,9:30 PM,False,"One page: new patterns, mistakes, tricks. Update templates.",,False
GSoC Stage 1-2: Git + Python + Stats,12/30/2026,5:30 AM,12/30/2026,8:00 AM,False,Head First Git -> Fluent Python -> pytest -> Practical Statistics. 3 OSS PRs by Dec 31.,,False
CP maintenance + team practice,12/30/2026,4:00 PM,12/30/2026,6:30 PM,False,3 contests/week + upsolve hardest miss. Team virtuals on weekends (ICPC format).,,False
CodeChef Starters,12/30/2026,7:00 PM,12/30/2026,9:00 PM,False,Wed 20:00 IST.,,False
Review + notes,12/30/2026,9:00 PM,12/30/2026,9:30 PM,False,"One page: new patterns, mistakes, tricks. Update templates.",,False
GSoC Stage 1-2: Git + Python + Stats,12/31/2026,5:30 AM,12/31/2026,8:00 AM,False,Head First Git -> Fluent Python -> pytest -> Practical Statistics. 3 OSS PRs by Dec 31.,,False
CP maintenance + team practice,12/31/2026,4:00 PM,12/31/2026,6:30 PM,False,3 contests/week + upsolve hardest miss. Team virtuals on weekends (ICPC format).,,False
Upsolve + team strategy,12/31/2026,7:00 PM,12/31/2026,9:00 PM,False,Review contest misses + plan weekend team virtuals.,,False
Review + notes,12/31/2026,9:00 PM,12/31/2026,9:30 PM,False,"One page: new patterns, mistakes, tricks. Update templates.",,False
GSoC Stage 3-4: ML/DL + Transformers,01/01/2027,5:30 AM,01/01/2027,8:00 AM,False,"Hands-On ML, DL from Scratch, NLP with Transformers, Build LLM from Scratch. Proposals by Mar 31.",,False
GSoC: org research / contributions / proposals,01/01/2027,4:00 PM,01/01/2027,6:30 PM,False,Jan: shortlist orgs. Feb 19+: PRs to target orgs. Mar 16-31: submit proposals.,,False
GSoC Stage 3-4 books,01/01/2027,7:00 PM,01/01/2027,9:00 PM,False,ML/DL/Transformers reading for proposal credibility.,,False
Review + notes,01/01/2027,9:00 PM,01/01/2027,9:30 PM,False,"One page: new patterns, mistakes, tricks. Update templates.",,False
GSoC Stage 3-4 books,01/02/2027,8:00 AM,01/02/2027,10:30 AM,False,ML/DL/Transformers.,,False
GSoC contributions,01/02/2027,10:30 AM,01/02/2027,1:00 PM,False,PRs to target orgs (Feb 19+).,,False
GSoC books / proposal drafts,01/02/2027,1:00 PM,01/02/2027,4:00 PM,False,"Mar: write proposals, get community feedback.",,False
AtCoder ABC,01/02/2027,5:30 PM,01/02/2027,8:30 PM,False,A-D target.,,False
GSoC Stage 3-4 books,01/03/2027,8:00 AM,01/03/2027,10:30 AM,False,ML/DL/Transformers.,,False
GSoC contributions,01/03/2027,10:30 AM,01/03/2027,1:00 PM,False,PRs to target orgs (Feb 19+).,,False
GSoC books / proposal drafts,01/03/2027,1:00 PM,01/03/2027,4:00 PM,False,"Mar: write proposals, get community feedback.",,False
Virtual CF Div2,01/03/2027,4:30 PM,01/03/2027,7:30 PM,False,2h timed.,,False
Weekly review + tracker update,01/03/2027,9:30 PM,01/03/2027,10:00 PM,False,GSoC milestone progress.,,False
GSoC Stage 3-4: ML/DL + Transformers,01/04/2027,5:30 AM,01/04/2027,8:00 AM,False,"Hands-On ML, DL from Scratch, NLP with Transformers, Build LLM from Scratch. Proposals by Mar 31.",,False
GSoC: org research / contributions / proposals,01/04/2027,4:00 PM,01/04/2027,6:30 PM,False,Jan: shortlist orgs. Feb 19+: PRs to target orgs. Mar 16-31: submit proposals.,,False
GSoC Stage 3-4 books,01/04/2027,7:00 PM,01/04/2027,9:00 PM,False,ML/DL/Transformers reading for proposal credibility.,,False
Review + notes,01/04/2027,9:00 PM,01/04/2027,9:30 PM,False,"One page: new patterns, mistakes, tricks. Update templates.",,False
GSoC Stage 3-4: ML/DL + Transformers,01/05/2027,5:30 AM,01/05/2027,8:00 AM,False,"Hands-On ML, DL from Scratch, NLP with Transformers, Build LLM from Scratch. Proposals by Mar 31.",,False
GSoC: org research / contributions / proposals,01/05/2027,4:00 PM,01/05/2027,6:30 PM,False,Jan: shortlist orgs. Feb 19+: PRs to target orgs. Mar 16-31: submit proposals.,,False
Codeforces contest,01/05/2027,7:00 PM,01/05/2027,9:00 PM,False,CF ~20:05/22:35 IST.,,False
Review + notes,01/05/2027,9:00 PM,01/05/2027,9:30 PM,False,"One page: new patterns, mistakes, tricks. Update templates.",,False
GSoC Stage 3-4: ML/DL + Transformers,01/06/2027,5:30 AM,01/06/2027,8:00 AM,False,"Hands-On ML, DL from Scratch, NLP with Transformers, Build LLM from Scratch. Proposals by Mar 31.",,False
GSoC: org research / contributions / proposals,01/06/2027,4:00 PM,01/06/2027,6:30 PM,False,Jan: shortlist orgs. Feb 19+: PRs to target orgs. Mar 16-31: submit proposals.,,False
CodeChef Starters,01/06/2027,7:00 PM,01/06/2027,9:00 PM,False,Wed 20:00 IST.,,False
Review + notes,01/06/2027,9:00 PM,01/06/2027,9:30 PM,False,"One page: new patterns, mistakes, tricks. Update templates.",,False
GSoC Stage 3-4: ML/DL + Transformers,01/07/2027,5:30 AM,01/07/2027,8:00 AM,False,"Hands-On ML, DL from Scratch, NLP with Transformers, Build LLM from Scratch. Proposals by Mar 31.",,False
GSoC: org research / contributions / proposals,01/07/2027,4:00 PM,01/07/2027,6:30 PM,False,Jan: shortlist orgs. Feb 19+: PRs to target orgs. Mar 16-31: submit proposals.,,False
GSoC community engagement,01/07/2027,7:00 PM,01/07/2027,9:00 PM,False,"Discord/Matrix, review others' PRs, ask on issues.",,False
Review + notes,01/07/2027,9:00 PM,01/07/2027,9:30 PM,False,"One page: new patterns, mistakes, tricks. Update templates.",,False
GSoC Stage 3-4: ML/DL + Transformers,01/08/2027,5:30 AM,01/08/2027,8:00 AM,False,"Hands-On ML, DL from Scratch, NLP with Transformers, Build LLM from Scratch. Proposals by Mar 31.",,False
GSoC: org research / contributions / proposals,01/08/2027,4:00 PM,01/08/2027,6:30 PM,False,Jan: shortlist orgs. Feb 19+: PRs to target orgs. Mar 16-31: submit proposals.,,False
GSoC Stage 3-4 books,01/08/2027,7:00 PM,01/08/2027,9:00 PM,False,ML/DL/Transformers reading for proposal credibility.,,False
Review + notes,01/08/2027,9:00 PM,01/08/2027,9:30 PM,False,"One page: new patterns, mistakes, tricks. Update templates.",,False
GSoC Stage 3-4 books,01/09/2027,8:00 AM,01/09/2027,10:30 AM,False,ML/DL/Transformers.,,False
GSoC contributions,01/09/2027,10:30 AM,01/09/2027,1:00 PM,False,PRs to target orgs (Feb 19+).,,False
GSoC books / proposal drafts,01/09/2027,1:00 PM,01/09/2027,4:00 PM,False,"Mar: write proposals, get community feedback.",,False
AtCoder ABC,01/09/2027,5:30 PM,01/09/2027,8:30 PM,False,A-D target.,,False
GSoC Stage 3-4 books,01/10/2027,8:00 AM,01/10/2027,10:30 AM,False,ML/DL/Transformers.,,False
GSoC contributions,01/10/2027,10:30 AM,01/10/2027,1:00 PM,False,PRs to target orgs (Feb 19+).,,False
GSoC books / proposal drafts,01/10/2027,1:00 PM,01/10/2027,4:00 PM,False,"Mar: write proposals, get community feedback.",,False
Virtual CF Div2,01/10/2027,4:30 PM,01/10/2027,7:30 PM,False,2h timed.,,False
Weekly review + tracker update,01/10/2027,9:30 PM,01/10/2027,10:00 PM,False,GSoC milestone progress.,,False
GSoC Stage 3-4: ML/DL + Transformers,01/11/2027,5:30 AM,01/11/2027,8:00 AM,False,"Hands-On ML, DL from Scratch, NLP with Transformers, Build LLM from Scratch. Proposals by Mar 31.",,False
GSoC: org research / contributions / proposals,01/11/2027,4:00 PM,01/11/2027,6:30 PM,False,Jan: shortlist orgs. Feb 19+: PRs to target orgs. Mar 16-31: submit proposals.,,False
GSoC Stage 3-4 books,01/11/2027,7:00 PM,01/11/2027,9:00 PM,False,ML/DL/Transformers reading for proposal credibility.,,False
Review + notes,01/11/2027,9:00 PM,01/11/2027,9:30 PM,False,"One page: new patterns, mistakes, tricks. Update templates.",,False
GSoC Stage 3-4: ML/DL + Transformers,01/12/2027,5:30 AM,01/12/2027,8:00 AM,False,"Hands-On ML, DL from Scratch, NLP with Transformers, Build LLM from Scratch. Proposals by Mar 31.",,False
GSoC: org research / contributions / proposals,01/12/2027,4:00 PM,01/12/2027,6:30 PM,False,Jan: shortlist orgs. Feb 19+: PRs to target orgs. Mar 16-31: submit proposals.,,False
Codeforces contest,01/12/2027,7:00 PM,01/12/2027,9:00 PM,False,CF ~20:05/22:35 IST.,,False
Review + notes,01/12/2027,9:00 PM,01/12/2027,9:30 PM,False,"One page: new patterns, mistakes, tricks. Update templates.",,False
GSoC Stage 3-4: ML/DL + Transformers,01/13/2027,5:30 AM,01/13/2027,8:00 AM,False,"Hands-On ML, DL from Scratch, NLP with Transformers, Build LLM from Scratch. Proposals by Mar 31.",,False
GSoC: org research / contributions / proposals,01/13/2027,4:00 PM,01/13/2027,6:30 PM,False,Jan: shortlist orgs. Feb 19+: PRs to target orgs. Mar 16-31: submit proposals.,,False
CodeChef Starters,01/13/2027,7:00 PM,01/13/2027,9:00 PM,False,Wed 20:00 IST.,,False
Review + notes,01/13/2027,9:00 PM,01/13/2027,9:30 PM,False,"One page: new patterns, mistakes, tricks. Update templates.",,False
GSoC Stage 3-4: ML/DL + Transformers,01/14/2027,5:30 AM,01/14/2027,8:00 AM,False,"Hands-On ML, DL from Scratch, NLP with Transformers, Build LLM from Scratch. Proposals by Mar 31.",,False
GSoC: org research / contributions / proposals,01/14/2027,4:00 PM,01/14/2027,6:30 PM,False,Jan: shortlist orgs. Feb 19+: PRs to target orgs. Mar 16-31: submit proposals.,,False
GSoC community engagement,01/14/2027,7:00 PM,01/14/2027,9:00 PM,False,"Discord/Matrix, review others' PRs, ask on issues.",,False
Review + notes,01/14/2027,9:00 PM,01/14/2027,9:30 PM,False,"One page: new patterns, mistakes, tricks. Update templates.",,False
GSoC Stage 3-4: ML/DL + Transformers,01/15/2027,5:30 AM,01/15/2027,8:00 AM,False,"Hands-On ML, DL from Scratch, NLP with Transformers, Build LLM from Scratch. Proposals by Mar 31.",,False
GSoC: org research / contributions / proposals,01/15/2027,4:00 PM,01/15/2027,6:30 PM,False,Jan: shortlist orgs. Feb 19+: PRs to target orgs. Mar 16-31: submit proposals.,,False
GSoC Stage 3-4 books,01/15/2027,7:00 PM,01/15/2027,9:00 PM,False,ML/DL/Transformers reading for proposal credibility.,,False
Review + notes,01/15/2027,9:00 PM,01/15/2027,9:30 PM,False,"One page: new patterns, mistakes, tricks. Update templates.",,False
GSoC Stage 3-4 books,01/16/2027,8:00 AM,01/16/2027,10:30 AM,False,ML/DL/Transformers.,,False
GSoC contributions,01/16/2027,10:30 AM,01/16/2027,1:00 PM,False,PRs to target orgs (Feb 19+).,,False
GSoC books / proposal drafts,01/16/2027,1:00 PM,01/16/2027,4:00 PM,False,"Mar: write proposals, get community feedback.",,False
AtCoder ABC,01/16/2027,5:30 PM,01/16/2027,8:30 PM,False,A-D target.,,False
GSoC Stage 3-4 books,01/17/2027,8:00 AM,01/17/2027,10:30 AM,False,ML/DL/Transformers.,,False
GSoC contributions,01/17/2027,10:30 AM,01/17/2027,1:00 PM,False,PRs to target orgs (Feb 19+).,,False
GSoC books / proposal drafts,01/17/2027,1:00 PM,01/17/2027,4:00 PM,False,"Mar: write proposals, get community feedback.",,False
Virtual CF Div2,01/17/2027,4:30 PM,01/17/2027,7:30 PM,False,2h timed.,,False
Weekly review + tracker update,01/17/2027,9:30 PM,01/17/2027,10:00 PM,False,GSoC milestone progress.,,False
GSoC Stage 3-4: ML/DL + Transformers,01/18/2027,5:30 AM,01/18/2027,8:00 AM,False,"Hands-On ML, DL from Scratch, NLP with Transformers, Build LLM from Scratch. Proposals by Mar 31.",,False
GSoC: org research / contributions / proposals,01/18/2027,4:00 PM,01/18/2027,6:30 PM,False,Jan: shortlist orgs. Feb 19+: PRs to target orgs. Mar 16-31: submit proposals.,,False
GSoC Stage 3-4 books,01/18/2027,7:00 PM,01/18/2027,9:00 PM,False,ML/DL/Transformers reading for proposal credibility.,,False
Review + notes,01/18/2027,9:00 PM,01/18/2027,9:30 PM,False,"One page: new patterns, mistakes, tricks. Update templates.",,False
GSoC Stage 3-4: ML/DL + Transformers,01/19/2027,5:30 AM,01/19/2027,8:00 AM,False,"Hands-On ML, DL from Scratch, NLP with Transformers, Build LLM from Scratch. Proposals by Mar 31.",,False
GSoC: org research / contributions / proposals,01/19/2027,4:00 PM,01/19/2027,6:30 PM,False,Jan: shortlist orgs. Feb 19+: PRs to target orgs. Mar 16-31: submit proposals.,,False
Codeforces contest,01/19/2027,7:00 PM,01/19/2027,9:00 PM,False,CF ~20:05/22:35 IST.,,False
Review + notes,01/19/2027,9:00 PM,01/19/2027,9:30 PM,False,"One page: new patterns, mistakes, tricks. Update templates.",,False
GSoC Stage 3-4: ML/DL + Transformers,01/20/2027,5:30 AM,01/20/2027,8:00 AM,False,"Hands-On ML, DL from Scratch, NLP with Transformers, Build LLM from Scratch. Proposals by Mar 31.",,False
GSoC: org research / contributions / proposals,01/20/2027,4:00 PM,01/20/2027,6:30 PM,False,Jan: shortlist orgs. Feb 19+: PRs to target orgs. Mar 16-31: submit proposals.,,False
CodeChef Starters,01/20/2027,7:00 PM,01/20/2027,9:00 PM,False,Wed 20:00 IST.,,False
Review + notes,01/20/2027,9:00 PM,01/20/2027,9:30 PM,False,"One page: new patterns, mistakes, tricks. Update templates.",,False
GSoC Stage 3-4: ML/DL + Transformers,01/21/2027,5:30 AM,01/21/2027,8:00 AM,False,"Hands-On ML, DL from Scratch, NLP with Transformers, Build LLM from Scratch. Proposals by Mar 31.",,False
GSoC: org research / contributions / proposals,01/21/2027,4:00 PM,01/21/2027,6:30 PM,False,Jan: shortlist orgs. Feb 19+: PRs to target orgs. Mar 16-31: submit proposals.,,False
GSoC community engagement,01/21/2027,7:00 PM,01/21/2027,9:00 PM,False,"Discord/Matrix, review others' PRs, ask on issues.",,False
Review + notes,01/21/2027,9:00 PM,01/21/2027,9:30 PM,False,"One page: new patterns, mistakes, tricks. Update templates.",,False
GSoC Stage 3-4: ML/DL + Transformers,01/22/2027,5:30 AM,01/22/2027,8:00 AM,False,"Hands-On ML, DL from Scratch, NLP with Transformers, Build LLM from Scratch. Proposals by Mar 31.",,False
GSoC: org research / contributions / proposals,01/22/2027,4:00 PM,01/22/2027,6:30 PM,False,Jan: shortlist orgs. Feb 19+: PRs to target orgs. Mar 16-31: submit proposals.,,False
GSoC Stage 3-4 books,01/22/2027,7:00 PM,01/22/2027,9:00 PM,False,ML/DL/Transformers reading for proposal credibility.,,False
Review + notes,01/22/2027,9:00 PM,01/22/2027,9:30 PM,False,"One page: new patterns, mistakes, tricks. Update templates.",,False
GSoC Stage 3-4 books,01/23/2027,8:00 AM,01/23/2027,10:30 AM,False,ML/DL/Transformers.,,False
GSoC contributions,01/23/2027,10:30 AM,01/23/2027,1:00 PM,False,PRs to target orgs (Feb 19+).,,False
GSoC books / proposal drafts,01/23/2027,1:00 PM,01/23/2027,4:00 PM,False,"Mar: write proposals, get community feedback.",,False
AtCoder ABC,01/23/2027,5:30 PM,01/23/2027,8:30 PM,False,A-D target.,,False
GSoC Stage 3-4 books,01/24/2027,8:00 AM,01/24/2027,10:30 AM,False,ML/DL/Transformers.,,False
GSoC contributions,01/24/2027,10:30 AM,01/24/2027,1:00 PM,False,PRs to target orgs (Feb 19+).,,False
GSoC books / proposal drafts,01/24/2027,1:00 PM,01/24/2027,4:00 PM,False,"Mar: write proposals, get community feedback.",,False
Virtual CF Div2,01/24/2027,4:30 PM,01/24/2027,7:30 PM,False,2h timed.,,False
Weekly review + tracker update,01/24/2027,9:30 PM,01/24/2027,10:00 PM,False,GSoC milestone progress.,,False
GSoC Stage 3-4: ML/DL + Transformers,01/25/2027,5:30 AM,01/25/2027,8:00 AM,False,"Hands-On ML, DL from Scratch, NLP with Transformers, Build LLM from Scratch. Proposals by Mar 31.",,False
GSoC: org research / contributions / proposals,01/25/2027,4:00 PM,01/25/2027,6:30 PM,False,Jan: shortlist orgs. Feb 19+: PRs to target orgs. Mar 16-31: submit proposals.,,False
GSoC Stage 3-4 books,01/25/2027,7:00 PM,01/25/2027,9:00 PM,False,ML/DL/Transformers reading for proposal credibility.,,False
Review + notes,01/25/2027,9:00 PM,01/25/2027,9:30 PM,False,"One page: new patterns, mistakes, tricks. Update templates.",,False
GSoC Stage 3-4: ML/DL + Transformers,01/26/2027,5:30 AM,01/26/2027,8:00 AM,False,"Hands-On ML, DL from Scratch, NLP with Transformers, Build LLM from Scratch. Proposals by Mar 31.",,False
GSoC: org research / contributions / proposals,01/26/2027,4:00 PM,01/26/2027,6:30 PM,False,Jan: shortlist orgs. Feb 19+: PRs to target orgs. Mar 16-31: submit proposals.,,False
Codeforces contest,01/26/2027,7:00 PM,01/26/2027,9:00 PM,False,CF ~20:05/22:35 IST.,,False
Review + notes,01/26/2027,9:00 PM,01/26/2027,9:30 PM,False,"One page: new patterns, mistakes, tricks. Update templates.",,False
GSoC Stage 3-4: ML/DL + Transformers,01/27/2027,5:30 AM,01/27/2027,8:00 AM,False,"Hands-On ML, DL from Scratch, NLP with Transformers, Build LLM from Scratch. Proposals by Mar 31.",,False
GSoC: org research / contributions / proposals,01/27/2027,4:00 PM,01/27/2027,6:30 PM,False,Jan: shortlist orgs. Feb 19+: PRs to target orgs. Mar 16-31: submit proposals.,,False
CodeChef Starters,01/27/2027,7:00 PM,01/27/2027,9:00 PM,False,Wed 20:00 IST.,,False
Review + notes,01/27/2027,9:00 PM,01/27/2027,9:30 PM,False,"One page: new patterns, mistakes, tricks. Update templates.",,False
GSoC Stage 3-4: ML/DL + Transformers,01/28/2027,5:30 AM,01/28/2027,8:00 AM,False,"Hands-On ML, DL from Scratch, NLP with Transformers, Build LLM from Scratch. Proposals by Mar 31.",,False
GSoC: org research / contributions / proposals,01/28/2027,4:00 PM,01/28/2027,6:30 PM,False,Jan: shortlist orgs. Feb 19+: PRs to target orgs. Mar 16-31: submit proposals.,,False
GSoC community engagement,01/28/2027,7:00 PM,01/28/2027,9:00 PM,False,"Discord/Matrix, review others' PRs, ask on issues.",,False
Review + notes,01/28/2027,9:00 PM,01/28/2027,9:30 PM,False,"One page: new patterns, mistakes, tricks. Update templates.",,False
GSoC Stage 3-4: ML/DL + Transformers,01/29/2027,5:30 AM,01/29/2027,8:00 AM,False,"Hands-On ML, DL from Scratch, NLP with Transformers, Build LLM from Scratch. Proposals by Mar 31.",,False
GSoC: org research / contributions / proposals,01/29/2027,4:00 PM,01/29/2027,6:30 PM,False,Jan: shortlist orgs. Feb 19+: PRs to target orgs. Mar 16-31: submit proposals.,,False
GSoC Stage 3-4 books,01/29/2027,7:00 PM,01/29/2027,9:00 PM,False,ML/DL/Transformers reading for proposal credibility.,,False
Review + notes,01/29/2027,9:00 PM,01/29/2027,9:30 PM,False,"One page: new patterns, mistakes, tricks. Update templates.",,False
GSoC Stage 3-4 books,01/30/2027,8:00 AM,01/30/2027,10:30 AM,False,ML/DL/Transformers.,,False
GSoC contributions,01/30/2027,10:30 AM,01/30/2027,1:00 PM,False,PRs to target orgs (Feb 19+).,,False
GSoC books / proposal drafts,01/30/2027,1:00 PM,01/30/2027,4:00 PM,False,"Mar: write proposals, get community feedback.",,False
AtCoder ABC,01/30/2027,5:30 PM,01/30/2027,8:30 PM,False,A-D target.,,False
GSoC Stage 3-4 books,01/31/2027,8:00 AM,01/31/2027,10:30 AM,False,ML/DL/Transformers.,,False
GSoC contributions,01/31/2027,10:30 AM,01/31/2027,1:00 PM,False,PRs to target orgs (Feb 19+).,,False
GSoC books / proposal drafts,01/31/2027,1:00 PM,01/31/2027,4:00 PM,False,"Mar: write proposals, get community feedback.",,False
Virtual CF Div2,01/31/2027,4:30 PM,01/31/2027,7:30 PM,False,2h timed.,,False
Weekly review + tracker update,01/31/2027,9:30 PM,01/31/2027,10:00 PM,False,GSoC milestone progress.,,False
GSoC Stage 3-4: ML/DL + Transformers,02/01/2027,5:30 AM,02/01/2027,8:00 AM,False,"Hands-On ML, DL from Scratch, NLP with Transformers, Build LLM from Scratch. Proposals by Mar 31.",,False
GSoC: org research / contributions / proposals,02/01/2027,4:00 PM,02/01/2027,6:30 PM,False,Jan: shortlist orgs. Feb 19+: PRs to target orgs. Mar 16-31: submit proposals.,,False
GSoC Stage 3-4 books,02/01/2027,7:00 PM,02/01/2027,9:00 PM,False,ML/DL/Transformers reading for proposal credibility.,,False
Review + notes,02/01/2027,9:00 PM,02/01/2027,9:30 PM,False,"One page: new patterns, mistakes, tricks. Update templates.",,False
GSoC Stage 3-4: ML/DL + Transformers,02/02/2027,5:30 AM,02/02/2027,8:00 AM,False,"Hands-On ML, DL from Scratch, NLP with Transformers, Build LLM from Scratch. Proposals by Mar 31.",,False
GSoC: org research / contributions / proposals,02/02/2027,4:00 PM,02/02/2027,6:30 PM,False,Jan: shortlist orgs. Feb 19+: PRs to target orgs. Mar 16-31: submit proposals.,,False
Codeforces contest,02/02/2027,7:00 PM,02/02/2027,9:00 PM,False,CF ~20:05/22:35 IST.,,False
Review + notes,02/02/2027,9:00 PM,02/02/2027,9:30 PM,False,"One page: new patterns, mistakes, tricks. Update templates.",,False
GSoC Stage 3-4: ML/DL + Transformers,02/03/2027,5:30 AM,02/03/2027,8:00 AM,False,"Hands-On ML, DL from Scratch, NLP with Transformers, Build LLM from Scratch. Proposals by Mar 31.",,False
GSoC: org research / contributions / proposals,02/03/2027,4:00 PM,02/03/2027,6:30 PM,False,Jan: shortlist orgs. Feb 19+: PRs to target orgs. Mar 16-31: submit proposals.,,False
CodeChef Starters,02/03/2027,7:00 PM,02/03/2027,9:00 PM,False,Wed 20:00 IST.,,False
Review + notes,02/03/2027,9:00 PM,02/03/2027,9:30 PM,False,"One page: new patterns, mistakes, tricks. Update templates.",,False
GSoC Stage 3-4: ML/DL + Transformers,02/04/2027,5:30 AM,02/04/2027,8:00 AM,False,"Hands-On ML, DL from Scratch, NLP with Transformers, Build LLM from Scratch. Proposals by Mar 31.",,False
GSoC: org research / contributions / proposals,02/04/2027,4:00 PM,02/04/2027,6:30 PM,False,Jan: shortlist orgs. Feb 19+: PRs to target orgs. Mar 16-31: submit proposals.,,False
GSoC community engagement,02/04/2027,7:00 PM,02/04/2027,9:00 PM,False,"Discord/Matrix, review others' PRs, ask on issues.",,False
Review + notes,02/04/2027,9:00 PM,02/04/2027,9:30 PM,False,"One page: new patterns, mistakes, tricks. Update templates.",,False
GSoC Stage 3-4: ML/DL + Transformers,02/05/2027,5:30 AM,02/05/2027,8:00 AM,False,"Hands-On ML, DL from Scratch, NLP with Transformers, Build LLM from Scratch. Proposals by Mar 31.",,False
GSoC: org research / contributions / proposals,02/05/2027,4:00 PM,02/05/2027,6:30 PM,False,Jan: shortlist orgs. Feb 19+: PRs to target orgs. Mar 16-31: submit proposals.,,False
GSoC Stage 3-4 books,02/05/2027,7:00 PM,02/05/2027,9:00 PM,False,ML/DL/Transformers reading for proposal credibility.,,False
Review + notes,02/05/2027,9:00 PM,02/05/2027,9:30 PM,False,"One page: new patterns, mistakes, tricks. Update templates.",,False
GSoC Stage 3-4 books,02/06/2027,8:00 AM,02/06/2027,10:30 AM,False,ML/DL/Transformers.,,False
GSoC contributions,02/06/2027,10:30 AM,02/06/2027,1:00 PM,False,PRs to target orgs (Feb 19+).,,False
GSoC books / proposal drafts,02/06/2027,1:00 PM,02/06/2027,4:00 PM,False,"Mar: write proposals, get community feedback.",,False
AtCoder ABC,02/06/2027,5:30 PM,02/06/2027,8:30 PM,False,A-D target.,,False
GSoC Stage 3-4 books,02/07/2027,8:00 AM,02/07/2027,10:30 AM,False,ML/DL/Transformers.,,False
GSoC contributions,02/07/2027,10:30 AM,02/07/2027,1:00 PM,False,PRs to target orgs (Feb 19+).,,False
GSoC books / proposal drafts,02/07/2027,1:00 PM,02/07/2027,4:00 PM,False,"Mar: write proposals, get community feedback.",,False
Virtual CF Div2,02/07/2027,4:30 PM,02/07/2027,7:30 PM,False,2h timed.,,False
Weekly review + tracker update,02/07/2027,9:30 PM,02/07/2027,10:00 PM,False,GSoC milestone progress.,,False
GSoC Stage 3-4: ML/DL + Transformers,02/08/2027,5:30 AM,02/08/2027,8:00 AM,False,"Hands-On ML, DL from Scratch, NLP with Transformers, Build LLM from Scratch. Proposals by Mar 31.",,False
GSoC: org research / contributions / proposals,02/08/2027,4:00 PM,02/08/2027,6:30 PM,False,Jan: shortlist orgs. Feb 19+: PRs to target orgs. Mar 16-31: submit proposals.,,False
GSoC Stage 3-4 books,02/08/2027,7:00 PM,02/08/2027,9:00 PM,False,ML/DL/Transformers reading for proposal credibility.,,False
Review + notes,02/08/2027,9:00 PM,02/08/2027,9:30 PM,False,"One page: new patterns, mistakes, tricks. Update templates.",,False
GSoC Stage 3-4: ML/DL + Transformers,02/09/2027,5:30 AM,02/09/2027,8:00 AM,False,"Hands-On ML, DL from Scratch, NLP with Transformers, Build LLM from Scratch. Proposals by Mar 31.",,False
GSoC: org research / contributions / proposals,02/09/2027,4:00 PM,02/09/2027,6:30 PM,False,Jan: shortlist orgs. Feb 19+: PRs to target orgs. Mar 16-31: submit proposals.,,False
Codeforces contest,02/09/2027,7:00 PM,02/09/2027,9:00 PM,False,CF ~20:05/22:35 IST.,,False
Review + notes,02/09/2027,9:00 PM,02/09/2027,9:30 PM,False,"One page: new patterns, mistakes, tricks. Update templates.",,False
GSoC Stage 3-4: ML/DL + Transformers,02/10/2027,5:30 AM,02/10/2027,8:00 AM,False,"Hands-On ML, DL from Scratch, NLP with Transformers, Build LLM from Scratch. Proposals by Mar 31.",,False
GSoC: org research / contributions / proposals,02/10/2027,4:00 PM,02/10/2027,6:30 PM,False,Jan: shortlist orgs. Feb 19+: PRs to target orgs. Mar 16-31: submit proposals.,,False
CodeChef Starters,02/10/2027,7:00 PM,02/10/2027,9:00 PM,False,Wed 20:00 IST.,,False
Review + notes,02/10/2027,9:00 PM,02/10/2027,9:30 PM,False,"One page: new patterns, mistakes, tricks. Update templates.",,False
GSoC Stage 3-4: ML/DL + Transformers,02/11/2027,5:30 AM,02/11/2027,8:00 AM,False,"Hands-On ML, DL from Scratch, NLP with Transformers, Build LLM from Scratch. Proposals by Mar 31.",,False
GSoC: org research / contributions / proposals,02/11/2027,4:00 PM,02/11/2027,6:30 PM,False,Jan: shortlist orgs. Feb 19+: PRs to target orgs. Mar 16-31: submit proposals.,,False
GSoC community engagement,02/11/2027,7:00 PM,02/11/2027,9:00 PM,False,"Discord/Matrix, review others' PRs, ask on issues.",,False
Review + notes,02/11/2027,9:00 PM,02/11/2027,9:30 PM,False,"One page: new patterns, mistakes, tricks. Update templates.",,False
GSoC Stage 3-4: ML/DL + Transformers,02/12/2027,5:30 AM,02/12/2027,8:00 AM,False,"Hands-On ML, DL from Scratch, NLP with Transformers, Build LLM from Scratch. Proposals by Mar 31.",,False
GSoC: org research / contributions / proposals,02/12/2027,4:00 PM,02/12/2027,6:30 PM,False,Jan: shortlist orgs. Feb 19+: PRs to target orgs. Mar 16-31: submit proposals.,,False
GSoC Stage 3-4 books,02/12/2027,7:00 PM,02/12/2027,9:00 PM,False,ML/DL/Transformers reading for proposal credibility.,,False
Review + notes,02/12/2027,9:00 PM,02/12/2027,9:30 PM,False,"One page: new patterns, mistakes, tricks. Update templates.",,False
GSoC Stage 3-4 books,02/13/2027,8:00 AM,02/13/2027,10:30 AM,False,ML/DL/Transformers.,,False
GSoC contributions,02/13/2027,10:30 AM,02/13/2027,1:00 PM,False,PRs to target orgs (Feb 19+).,,False
GSoC books / proposal drafts,02/13/2027,1:00 PM,02/13/2027,4:00 PM,False,"Mar: write proposals, get community feedback.",,False
AtCoder ABC,02/13/2027,5:30 PM,02/13/2027,8:30 PM,False,A-D target.,,False
GSoC Stage 3-4 books,02/14/2027,8:00 AM,02/14/2027,10:30 AM,False,ML/DL/Transformers.,,False
GSoC contributions,02/14/2027,10:30 AM,02/14/2027,1:00 PM,False,PRs to target orgs (Feb 19+).,,False
GSoC books / proposal drafts,02/14/2027,1:00 PM,02/14/2027,4:00 PM,False,"Mar: write proposals, get community feedback.",,False
Virtual CF Div2,02/14/2027,4:30 PM,02/14/2027,7:30 PM,False,2h timed.,,False
Weekly review + tracker update,02/14/2027,9:30 PM,02/14/2027,10:00 PM,False,GSoC milestone progress.,,False
GSoC Stage 3-4: ML/DL + Transformers,02/15/2027,5:30 AM,02/15/2027,8:00 AM,False,"Hands-On ML, DL from Scratch, NLP with Transformers, Build LLM from Scratch. Proposals by Mar 31.",,False
GSoC: org research / contributions / proposals,02/15/2027,4:00 PM,02/15/2027,6:30 PM,False,Jan: shortlist orgs. Feb 19+: PRs to target orgs. Mar 16-31: submit proposals.,,False
GSoC Stage 3-4 books,02/15/2027,7:00 PM,02/15/2027,9:00 PM,False,ML/DL/Transformers reading for proposal credibility.,,False
Review + notes,02/15/2027,9:00 PM,02/15/2027,9:30 PM,False,"One page: new patterns, mistakes, tricks. Update templates.",,False
GSoC Stage 3-4: ML/DL + Transformers,02/16/2027,5:30 AM,02/16/2027,8:00 AM,False,"Hands-On ML, DL from Scratch, NLP with Transformers, Build LLM from Scratch. Proposals by Mar 31.",,False
GSoC: org research / contributions / proposals,02/16/2027,4:00 PM,02/16/2027,6:30 PM,False,Jan: shortlist orgs. Feb 19+: PRs to target orgs. Mar 16-31: submit proposals.,,False
Codeforces contest,02/16/2027,7:00 PM,02/16/2027,9:00 PM,False,CF ~20:05/22:35 IST.,,False
Review + notes,02/16/2027,9:00 PM,02/16/2027,9:30 PM,False,"One page: new patterns, mistakes, tricks. Update templates.",,False
GSoC Stage 3-4: ML/DL + Transformers,02/17/2027,5:30 AM,02/17/2027,8:00 AM,False,"Hands-On ML, DL from Scratch, NLP with Transformers, Build LLM from Scratch. Proposals by Mar 31.",,False
GSoC: org research / contributions / proposals,02/17/2027,4:00 PM,02/17/2027,6:30 PM,False,Jan: shortlist orgs. Feb 19+: PRs to target orgs. Mar 16-31: submit proposals.,,False
CodeChef Starters,02/17/2027,7:00 PM,02/17/2027,9:00 PM,False,Wed 20:00 IST.,,False
Review + notes,02/17/2027,9:00 PM,02/17/2027,9:30 PM,False,"One page: new patterns, mistakes, tricks. Update templates.",,False
GSoC Stage 3-4: ML/DL + Transformers,02/18/2027,5:30 AM,02/18/2027,8:00 AM,False,"Hands-On ML, DL from Scratch, NLP with Transformers, Build LLM from Scratch. Proposals by Mar 31.",,False
GSoC: org research / contributions / proposals,02/18/2027,4:00 PM,02/18/2027,6:30 PM,False,Jan: shortlist orgs. Feb 19+: PRs to target orgs. Mar 16-31: submit proposals.,,False
GSoC community engagement,02/18/2027,7:00 PM,02/18/2027,9:00 PM,False,"Discord/Matrix, review others' PRs, ask on issues.",,False
Review + notes,02/18/2027,9:00 PM,02/18/2027,9:30 PM,False,"One page: new patterns, mistakes, tricks. Update templates.",,False
GSoC Stage 3-4: ML/DL + Transformers,02/19/2027,5:30 AM,02/19/2027,8:00 AM,False,"Hands-On ML, DL from Scratch, NLP with Transformers, Build LLM from Scratch. Proposals by Mar 31.",,False
GSoC: org research / contributions / proposals,02/19/2027,4:00 PM,02/19/2027,6:30 PM,False,Jan: shortlist orgs. Feb 19+: PRs to target orgs. Mar 16-31: submit proposals.,,False
GSoC Stage 3-4 books,02/19/2027,7:00 PM,02/19/2027,9:00 PM,False,ML/DL/Transformers reading for proposal credibility.,,False
Review + notes,02/19/2027,9:00 PM,02/19/2027,9:30 PM,False,"One page: new patterns, mistakes, tricks. Update templates.",,False
GSoC Stage 3-4 books,02/20/2027,8:00 AM,02/20/2027,10:30 AM,False,ML/DL/Transformers.,,False
GSoC contributions,02/20/2027,10:30 AM,02/20/2027,1:00 PM,False,PRs to target orgs (Feb 19+).,,False
GSoC books / proposal drafts,02/20/2027,1:00 PM,02/20/2027,4:00 PM,False,"Mar: write proposals, get community feedback.",,False
AtCoder ABC,02/20/2027,5:30 PM,02/20/2027,8:30 PM,False,A-D target.,,False
GSoC Stage 3-4 books,02/21/2027,8:00 AM,02/21/2027,10:30 AM,False,ML/DL/Transformers.,,False
GSoC contributions,02/21/2027,10:30 AM,02/21/2027,1:00 PM,False,PRs to target orgs (Feb 19+).,,False
GSoC books / proposal drafts,02/21/2027,1:00 PM,02/21/2027,4:00 PM,False,"Mar: write proposals, get community feedback.",,False
Virtual CF Div2,02/21/2027,4:30 PM,02/21/2027,7:30 PM,False,2h timed.,,False
Weekly review + tracker update,02/21/2027,9:30 PM,02/21/2027,10:00 PM,False,GSoC milestone progress.,,False
GSoC Stage 3-4: ML/DL + Transformers,02/22/2027,5:30 AM,02/22/2027,8:00 AM,False,"Hands-On ML, DL from Scratch, NLP with Transformers, Build LLM from Scratch. Proposals by Mar 31.",,False
GSoC: org research / contributions / proposals,02/22/2027,4:00 PM,02/22/2027,6:30 PM,False,Jan: shortlist orgs. Feb 19+: PRs to target orgs. Mar 16-31: submit proposals.,,False
GSoC Stage 3-4 books,02/22/2027,7:00 PM,02/22/2027,9:00 PM,False,ML/DL/Transformers reading for proposal credibility.,,False
Review + notes,02/22/2027,9:00 PM,02/22/2027,9:30 PM,False,"One page: new patterns, mistakes, tricks. Update templates.",,False
GSoC Stage 3-4: ML/DL + Transformers,02/23/2027,5:30 AM,02/23/2027,8:00 AM,False,"Hands-On ML, DL from Scratch, NLP with Transformers, Build LLM from Scratch. Proposals by Mar 31.",,False
GSoC: org research / contributions / proposals,02/23/2027,4:00 PM,02/23/2027,6:30 PM,False,Jan: shortlist orgs. Feb 19+: PRs to target orgs. Mar 16-31: submit proposals.,,False
Codeforces contest,02/23/2027,7:00 PM,02/23/2027,9:00 PM,False,CF ~20:05/22:35 IST.,,False
Review + notes,02/23/2027,9:00 PM,02/23/2027,9:30 PM,False,"One page: new patterns, mistakes, tricks. Update templates.",,False
GSoC Stage 3-4: ML/DL + Transformers,02/24/2027,5:30 AM,02/24/2027,8:00 AM,False,"Hands-On ML, DL from Scratch, NLP with Transformers, Build LLM from Scratch. Proposals by Mar 31.",,False
GSoC: org research / contributions / proposals,02/24/2027,4:00 PM,02/24/2027,6:30 PM,False,Jan: shortlist orgs. Feb 19+: PRs to target orgs. Mar 16-31: submit proposals.,,False
CodeChef Starters,02/24/2027,7:00 PM,02/24/2027,9:00 PM,False,Wed 20:00 IST.,,False
Review + notes,02/24/2027,9:00 PM,02/24/2027,9:30 PM,False,"One page: new patterns, mistakes, tricks. Update templates.",,False
GSoC Stage 3-4: ML/DL + Transformers,02/25/2027,5:30 AM,02/25/2027,8:00 AM,False,"Hands-On ML, DL from Scratch, NLP with Transformers, Build LLM from Scratch. Proposals by Mar 31.",,False
GSoC: org research / contributions / proposals,02/25/2027,4:00 PM,02/25/2027,6:30 PM,False,Jan: shortlist orgs. Feb 19+: PRs to target orgs. Mar 16-31: submit proposals.,,False
GSoC community engagement,02/25/2027,7:00 PM,02/25/2027,9:00 PM,False,"Discord/Matrix, review others' PRs, ask on issues.",,False
Review + notes,02/25/2027,9:00 PM,02/25/2027,9:30 PM,False,"One page: new patterns, mistakes, tricks. Update templates.",,False
GSoC Stage 3-4: ML/DL + Transformers,02/26/2027,5:30 AM,02/26/2027,8:00 AM,False,"Hands-On ML, DL from Scratch, NLP with Transformers, Build LLM from Scratch. Proposals by Mar 31.",,False
GSoC: org research / contributions / proposals,02/26/2027,4:00 PM,02/26/2027,6:30 PM,False,Jan: shortlist orgs. Feb 19+: PRs to target orgs. Mar 16-31: submit proposals.,,False
GSoC Stage 3-4 books,02/26/2027,7:00 PM,02/26/2027,9:00 PM,False,ML/DL/Transformers reading for proposal credibility.,,False
Review + notes,02/26/2027,9:00 PM,02/26/2027,9:30 PM,False,"One page: new patterns, mistakes, tricks. Update templates.",,False
GSoC Stage 3-4 books,02/27/2027,8:00 AM,02/27/2027,10:30 AM,False,ML/DL/Transformers.,,False
GSoC contributions,02/27/2027,10:30 AM,02/27/2027,1:00 PM,False,PRs to target orgs (Feb 19+).,,False
GSoC books / proposal drafts,02/27/2027,1:00 PM,02/27/2027,4:00 PM,False,"Mar: write proposals, get community feedback.",,False
AtCoder ABC,02/27/2027,5:30 PM,02/27/2027,8:30 PM,False,A-D target.,,False
GSoC Stage 3-4 books,02/28/2027,8:00 AM,02/28/2027,10:30 AM,False,ML/DL/Transformers.,,False
GSoC contributions,02/28/2027,10:30 AM,02/28/2027,1:00 PM,False,PRs to target orgs (Feb 19+).,,False
GSoC books / proposal drafts,02/28/2027,1:00 PM,02/28/2027,4:00 PM,False,"Mar: write proposals, get community feedback.",,False
Virtual CF Div2,02/28/2027,4:30 PM,02/28/2027,7:30 PM,False,2h timed.,,False
Weekly review + tracker update,02/28/2027,9:30 PM,02/28/2027,10:00 PM,False,GSoC milestone progress.,,False
GSoC Stage 3-4: ML/DL + Transformers,03/01/2027,5:30 AM,03/01/2027,8:00 AM,False,"Hands-On ML, DL from Scratch, NLP with Transformers, Build LLM from Scratch. Proposals by Mar 31.",,False
GSoC: org research / contributions / proposals,03/01/2027,4:00 PM,03/01/2027,6:30 PM,False,Jan: shortlist orgs. Feb 19+: PRs to target orgs. Mar 16-31: submit proposals.,,False
GSoC Stage 3-4 books,03/01/2027,7:00 PM,03/01/2027,9:00 PM,False,ML/DL/Transformers reading for proposal credibility.,,False
Review + notes,03/01/2027,9:00 PM,03/01/2027,9:30 PM,False,"One page: new patterns, mistakes, tricks. Update templates.",,False
GSoC Stage 3-4: ML/DL + Transformers,03/02/2027,5:30 AM,03/02/2027,8:00 AM,False,"Hands-On ML, DL from Scratch, NLP with Transformers, Build LLM from Scratch. Proposals by Mar 31.",,False
GSoC: org research / contributions / proposals,03/02/2027,4:00 PM,03/02/2027,6:30 PM,False,Jan: shortlist orgs. Feb 19+: PRs to target orgs. Mar 16-31: submit proposals.,,False
Codeforces contest,03/02/2027,7:00 PM,03/02/2027,9:00 PM,False,CF ~20:05/22:35 IST.,,False
Review + notes,03/02/2027,9:00 PM,03/02/2027,9:30 PM,False,"One page: new patterns, mistakes, tricks. Update templates.",,False
GSoC Stage 3-4: ML/DL + Transformers,03/03/2027,5:30 AM,03/03/2027,8:00 AM,False,"Hands-On ML, DL from Scratch, NLP with Transformers, Build LLM from Scratch. Proposals by Mar 31.",,False
GSoC: org research / contributions / proposals,03/03/2027,4:00 PM,03/03/2027,6:30 PM,False,Jan: shortlist orgs. Feb 19+: PRs to target orgs. Mar 16-31: submit proposals.,,False
CodeChef Starters,03/03/2027,7:00 PM,03/03/2027,9:00 PM,False,Wed 20:00 IST.,,False
Review + notes,03/03/2027,9:00 PM,03/03/2027,9:30 PM,False,"One page: new patterns, mistakes, tricks. Update templates.",,False
GSoC Stage 3-4: ML/DL + Transformers,03/04/2027,5:30 AM,03/04/2027,8:00 AM,False,"Hands-On ML, DL from Scratch, NLP with Transformers, Build LLM from Scratch. Proposals by Mar 31.",,False
GSoC: org research / contributions / proposals,03/04/2027,4:00 PM,03/04/2027,6:30 PM,False,Jan: shortlist orgs. Feb 19+: PRs to target orgs. Mar 16-31: submit proposals.,,False
GSoC community engagement,03/04/2027,7:00 PM,03/04/2027,9:00 PM,False,"Discord/Matrix, review others' PRs, ask on issues.",,False
Review + notes,03/04/2027,9:00 PM,03/04/2027,9:30 PM,False,"One page: new patterns, mistakes, tricks. Update templates.",,False
GSoC Stage 3-4: ML/DL + Transformers,03/05/2027,5:30 AM,03/05/2027,8:00 AM,False,"Hands-On ML, DL from Scratch, NLP with Transformers, Build LLM from Scratch. Proposals by Mar 31.",,False
GSoC: org research / contributions / proposals,03/05/2027,4:00 PM,03/05/2027,6:30 PM,False,Jan: shortlist orgs. Feb 19+: PRs to target orgs. Mar 16-31: submit proposals.,,False
GSoC Stage 3-4 books,03/05/2027,7:00 PM,03/05/2027,9:00 PM,False,ML/DL/Transformers reading for proposal credibility.,,False
Review + notes,03/05/2027,9:00 PM,03/05/2027,9:30 PM,False,"One page: new patterns, mistakes, tricks. Update templates.",,False
GSoC Stage 3-4 books,03/06/2027,8:00 AM,03/06/2027,10:30 AM,False,ML/DL/Transformers.,,False
GSoC contributions,03/06/2027,10:30 AM,03/06/2027,1:00 PM,False,PRs to target orgs (Feb 19+).,,False
GSoC books / proposal drafts,03/06/2027,1:00 PM,03/06/2027,4:00 PM,False,"Mar: write proposals, get community feedback.",,False
AtCoder ABC,03/06/2027,5:30 PM,03/06/2027,8:30 PM,False,A-D target.,,False
GSoC Stage 3-4 books,03/07/2027,8:00 AM,03/07/2027,10:30 AM,False,ML/DL/Transformers.,,False
GSoC contributions,03/07/2027,10:30 AM,03/07/2027,1:00 PM,False,PRs to target orgs (Feb 19+).,,False
GSoC books / proposal drafts,03/07/2027,1:00 PM,03/07/2027,4:00 PM,False,"Mar: write proposals, get community feedback.",,False
Virtual CF Div2,03/07/2027,4:30 PM,03/07/2027,7:30 PM,False,2h timed.,,False
Weekly review + tracker update,03/07/2027,9:30 PM,03/07/2027,10:00 PM,False,GSoC milestone progress.,,False
GSoC Stage 3-4: ML/DL + Transformers,03/08/2027,5:30 AM,03/08/2027,8:00 AM,False,"Hands-On ML, DL from Scratch, NLP with Transformers, Build LLM from Scratch. Proposals by Mar 31.",,False
GSoC: org research / contributions / proposals,03/08/2027,4:00 PM,03/08/2027,6:30 PM,False,Jan: shortlist orgs. Feb 19+: PRs to target orgs. Mar 16-31: submit proposals.,,False
GSoC Stage 3-4 books,03/08/2027,7:00 PM,03/08/2027,9:00 PM,False,ML/DL/Transformers reading for proposal credibility.,,False
Review + notes,03/08/2027,9:00 PM,03/08/2027,9:30 PM,False,"One page: new patterns, mistakes, tricks. Update templates.",,False
GSoC Stage 3-4: ML/DL + Transformers,03/09/2027,5:30 AM,03/09/2027,8:00 AM,False,"Hands-On ML, DL from Scratch, NLP with Transformers, Build LLM from Scratch. Proposals by Mar 31.",,False
GSoC: org research / contributions / proposals,03/09/2027,4:00 PM,03/09/2027,6:30 PM,False,Jan: shortlist orgs. Feb 19+: PRs to target orgs. Mar 16-31: submit proposals.,,False
Codeforces contest,03/09/2027,7:00 PM,03/09/2027,9:00 PM,False,CF ~20:05/22:35 IST.,,False
Review + notes,03/09/2027,9:00 PM,03/09/2027,9:30 PM,False,"One page: new patterns, mistakes, tricks. Update templates.",,False
GSoC Stage 3-4: ML/DL + Transformers,03/10/2027,5:30 AM,03/10/2027,8:00 AM,False,"Hands-On ML, DL from Scratch, NLP with Transformers, Build LLM from Scratch. Proposals by Mar 31.",,False
GSoC: org research / contributions / proposals,03/10/2027,4:00 PM,03/10/2027,6:30 PM,False,Jan: shortlist orgs. Feb 19+: PRs to target orgs. Mar 16-31: submit proposals.,,False
CodeChef Starters,03/10/2027,7:00 PM,03/10/2027,9:00 PM,False,Wed 20:00 IST.,,False
Review + notes,03/10/2027,9:00 PM,03/10/2027,9:30 PM,False,"One page: new patterns, mistakes, tricks. Update templates.",,False
GSoC Stage 3-4: ML/DL + Transformers,03/11/2027,5:30 AM,03/11/2027,8:00 AM,False,"Hands-On ML, DL from Scratch, NLP with Transformers, Build LLM from Scratch. Proposals by Mar 31.",,False
GSoC: org research / contributions / proposals,03/11/2027,4:00 PM,03/11/2027,6:30 PM,False,Jan: shortlist orgs. Feb 19+: PRs to target orgs. Mar 16-31: submit proposals.,,False
GSoC community engagement,03/11/2027,7:00 PM,03/11/2027,9:00 PM,False,"Discord/Matrix, review others' PRs, ask on issues.",,False
Review + notes,03/11/2027,9:00 PM,03/11/2027,9:30 PM,False,"One page: new patterns, mistakes, tricks. Update templates.",,False
GSoC Stage 3-4: ML/DL + Transformers,03/12/2027,5:30 AM,03/12/2027,8:00 AM,False,"Hands-On ML, DL from Scratch, NLP with Transformers, Build LLM from Scratch. Proposals by Mar 31.",,False
GSoC: org research / contributions / proposals,03/12/2027,4:00 PM,03/12/2027,6:30 PM,False,Jan: shortlist orgs. Feb 19+: PRs to target orgs. Mar 16-31: submit proposals.,,False
GSoC Stage 3-4 books,03/12/2027,7:00 PM,03/12/2027,9:00 PM,False,ML/DL/Transformers reading for proposal credibility.,,False
Review + notes,03/12/2027,9:00 PM,03/12/2027,9:30 PM,False,"One page: new patterns, mistakes, tricks. Update templates.",,False
GSoC Stage 3-4 books,03/13/2027,8:00 AM,03/13/2027,10:30 AM,False,ML/DL/Transformers.,,False
GSoC contributions,03/13/2027,10:30 AM,03/13/2027,1:00 PM,False,PRs to target orgs (Feb 19+).,,False
GSoC books / proposal drafts,03/13/2027,1:00 PM,03/13/2027,4:00 PM,False,"Mar: write proposals, get community feedback.",,False
AtCoder ABC,03/13/2027,5:30 PM,03/13/2027,8:30 PM,False,A-D target.,,False
GSoC Stage 3-4 books,03/14/2027,8:00 AM,03/14/2027,10:30 AM,False,ML/DL/Transformers.,,False
GSoC contributions,03/14/2027,10:30 AM,03/14/2027,1:00 PM,False,PRs to target orgs (Feb 19+).,,False
GSoC books / proposal drafts,03/14/2027,1:00 PM,03/14/2027,4:00 PM,False,"Mar: write proposals, get community feedback.",,False
Virtual CF Div2,03/14/2027,4:30 PM,03/14/2027,7:30 PM,False,2h timed.,,False
Weekly review + tracker update,03/14/2027,9:30 PM,03/14/2027,10:00 PM,False,GSoC milestone progress.,,False
GSoC Stage 3-4: ML/DL + Transformers,03/15/2027,5:30 AM,03/15/2027,8:00 AM,False,"Hands-On ML, DL from Scratch, NLP with Transformers, Build LLM from Scratch. Proposals by Mar 31.",,False
GSoC: org research / contributions / proposals,03/15/2027,4:00 PM,03/15/2027,6:30 PM,False,Jan: shortlist orgs. Feb 19+: PRs to target orgs. Mar 16-31: submit proposals.,,False
GSoC Stage 3-4 books,03/15/2027,7:00 PM,03/15/2027,9:00 PM,False,ML/DL/Transformers reading for proposal credibility.,,False
Review + notes,03/15/2027,9:00 PM,03/15/2027,9:30 PM,False,"One page: new patterns, mistakes, tricks. Update templates.",,False
GSoC Stage 3-4: ML/DL + Transformers,03/16/2027,5:30 AM,03/16/2027,8:00 AM,False,"Hands-On ML, DL from Scratch, NLP with Transformers, Build LLM from Scratch. Proposals by Mar 31.",,False
GSoC: org research / contributions / proposals,03/16/2027,4:00 PM,03/16/2027,6:30 PM,False,Jan: shortlist orgs. Feb 19+: PRs to target orgs. Mar 16-31: submit proposals.,,False
Codeforces contest,03/16/2027,7:00 PM,03/16/2027,9:00 PM,False,CF ~20:05/22:35 IST.,,False
Review + notes,03/16/2027,9:00 PM,03/16/2027,9:30 PM,False,"One page: new patterns, mistakes, tricks. Update templates.",,False
GSoC Stage 3-4: ML/DL + Transformers,03/17/2027,5:30 AM,03/17/2027,8:00 AM,False,"Hands-On ML, DL from Scratch, NLP with Transformers, Build LLM from Scratch. Proposals by Mar 31.",,False
GSoC: org research / contributions / proposals,03/17/2027,4:00 PM,03/17/2027,6:30 PM,False,Jan: shortlist orgs. Feb 19+: PRs to target orgs. Mar 16-31: submit proposals.,,False
CodeChef Starters,03/17/2027,7:00 PM,03/17/2027,9:00 PM,False,Wed 20:00 IST.,,False
Review + notes,03/17/2027,9:00 PM,03/17/2027,9:30 PM,False,"One page: new patterns, mistakes, tricks. Update templates.",,False
GSoC Stage 3-4: ML/DL + Transformers,03/18/2027,5:30 AM,03/18/2027,8:00 AM,False,"Hands-On ML, DL from Scratch, NLP with Transformers, Build LLM from Scratch. Proposals by Mar 31.",,False
GSoC: org research / contributions / proposals,03/18/2027,4:00 PM,03/18/2027,6:30 PM,False,Jan: shortlist orgs. Feb 19+: PRs to target orgs. Mar 16-31: submit proposals.,,False
GSoC community engagement,03/18/2027,7:00 PM,03/18/2027,9:00 PM,False,"Discord/Matrix, review others' PRs, ask on issues.",,False
Review + notes,03/18/2027,9:00 PM,03/18/2027,9:30 PM,False,"One page: new patterns, mistakes, tricks. Update templates.",,False
GSoC Stage 3-4: ML/DL + Transformers,03/19/2027,5:30 AM,03/19/2027,8:00 AM,False,"Hands-On ML, DL from Scratch, NLP with Transformers, Build LLM from Scratch. Proposals by Mar 31.",,False
GSoC: org research / contributions / proposals,03/19/2027,4:00 PM,03/19/2027,6:30 PM,False,Jan: shortlist orgs. Feb 19+: PRs to target orgs. Mar 16-31: submit proposals.,,False
GSoC Stage 3-4 books,03/19/2027,7:00 PM,03/19/2027,9:00 PM,False,ML/DL/Transformers reading for proposal credibility.,,False
Review + notes,03/19/2027,9:00 PM,03/19/2027,9:30 PM,False,"One page: new patterns, mistakes, tricks. Update templates.",,False
GSoC Stage 3-4 books,03/20/2027,8:00 AM,03/20/2027,10:30 AM,False,ML/DL/Transformers.,,False
GSoC contributions,03/20/2027,10:30 AM,03/20/2027,1:00 PM,False,PRs to target orgs (Feb 19+).,,False
GSoC books / proposal drafts,03/20/2027,1:00 PM,03/20/2027,4:00 PM,False,"Mar: write proposals, get community feedback.",,False
AtCoder ABC,03/20/2027,5:30 PM,03/20/2027,8:30 PM,False,A-D target.,,False
GSoC Stage 3-4 books,03/21/2027,8:00 AM,03/21/2027,10:30 AM,False,ML/DL/Transformers.,,False
GSoC contributions,03/21/2027,10:30 AM,03/21/2027,1:00 PM,False,PRs to target orgs (Feb 19+).,,False
GSoC books / proposal drafts,03/21/2027,1:00 PM,03/21/2027,4:00 PM,False,"Mar: write proposals, get community feedback.",,False
Virtual CF Div2,03/21/2027,4:30 PM,03/21/2027,7:30 PM,False,2h timed.,,False
Weekly review + tracker update,03/21/2027,9:30 PM,03/21/2027,10:00 PM,False,GSoC milestone progress.,,False
GSoC Stage 3-4: ML/DL + Transformers,03/22/2027,5:30 AM,03/22/2027,8:00 AM,False,"Hands-On ML, DL from Scratch, NLP with Transformers, Build LLM from Scratch. Proposals by Mar 31.",,False
GSoC: org research / contributions / proposals,03/22/2027,4:00 PM,03/22/2027,6:30 PM,False,Jan: shortlist orgs. Feb 19+: PRs to target orgs. Mar 16-31: submit proposals.,,False
GSoC Stage 3-4 books,03/22/2027,7:00 PM,03/22/2027,9:00 PM,False,ML/DL/Transformers reading for proposal credibility.,,False
Review + notes,03/22/2027,9:00 PM,03/22/2027,9:30 PM,False,"One page: new patterns, mistakes, tricks. Update templates.",,False
GSoC Stage 3-4: ML/DL + Transformers,03/23/2027,5:30 AM,03/23/2027,8:00 AM,False,"Hands-On ML, DL from Scratch, NLP with Transformers, Build LLM from Scratch. Proposals by Mar 31.",,False
GSoC: org research / contributions / proposals,03/23/2027,4:00 PM,03/23/2027,6:30 PM,False,Jan: shortlist orgs. Feb 19+: PRs to target orgs. Mar 16-31: submit proposals.,,False
Codeforces contest,03/23/2027,7:00 PM,03/23/2027,9:00 PM,False,CF ~20:05/22:35 IST.,,False
Review + notes,03/23/2027,9:00 PM,03/23/2027,9:30 PM,False,"One page: new patterns, mistakes, tricks. Update templates.",,False
GSoC Stage 3-4: ML/DL + Transformers,03/24/2027,5:30 AM,03/24/2027,8:00 AM,False,"Hands-On ML, DL from Scratch, NLP with Transformers, Build LLM from Scratch. Proposals by Mar 31.",,False
GSoC: org research / contributions / proposals,03/24/2027,4:00 PM,03/24/2027,6:30 PM,False,Jan: shortlist orgs. Feb 19+: PRs to target orgs. Mar 16-31: submit proposals.,,False
CodeChef Starters,03/24/2027,7:00 PM,03/24/2027,9:00 PM,False,Wed 20:00 IST.,,False
Review + notes,03/24/2027,9:00 PM,03/24/2027,9:30 PM,False,"One page: new patterns, mistakes, tricks. Update templates.",,False
GSoC Stage 3-4: ML/DL + Transformers,03/25/2027,5:30 AM,03/25/2027,8:00 AM,False,"Hands-On ML, DL from Scratch, NLP with Transformers, Build LLM from Scratch. Proposals by Mar 31.",,False
GSoC: org research / contributions / proposals,03/25/2027,4:00 PM,03/25/2027,6:30 PM,False,Jan: shortlist orgs. Feb 19+: PRs to target orgs. Mar 16-31: submit proposals.,,False
GSoC community engagement,03/25/2027,7:00 PM,03/25/2027,9:00 PM,False,"Discord/Matrix, review others' PRs, ask on issues.",,False
Review + notes,03/25/2027,9:00 PM,03/25/2027,9:30 PM,False,"One page: new patterns, mistakes, tricks. Update templates.",,False
GSoC Stage 3-4: ML/DL + Transformers,03/26/2027,5:30 AM,03/26/2027,8:00 AM,False,"Hands-On ML, DL from Scratch, NLP with Transformers, Build LLM from Scratch. Proposals by Mar 31.",,False
GSoC: org research / contributions / proposals,03/26/2027,4:00 PM,03/26/2027,6:30 PM,False,Jan: shortlist orgs. Feb 19+: PRs to target orgs. Mar 16-31: submit proposals.,,False
GSoC Stage 3-4 books,03/26/2027,7:00 PM,03/26/2027,9:00 PM,False,ML/DL/Transformers reading for proposal credibility.,,False
Review + notes,03/26/2027,9:00 PM,03/26/2027,9:30 PM,False,"One page: new patterns, mistakes, tricks. Update templates.",,False
GSoC Stage 3-4 books,03/27/2027,8:00 AM,03/27/2027,10:30 AM,False,ML/DL/Transformers.,,False
GSoC contributions,03/27/2027,10:30 AM,03/27/2027,1:00 PM,False,PRs to target orgs (Feb 19+).,,False
GSoC books / proposal drafts,03/27/2027,1:00 PM,03/27/2027,4:00 PM,False,"Mar: write proposals, get community feedback.",,False
AtCoder ABC,03/27/2027,5:30 PM,03/27/2027,8:30 PM,False,A-D target.,,False
GSoC Stage 3-4 books,03/28/2027,8:00 AM,03/28/2027,10:30 AM,False,ML/DL/Transformers.,,False
GSoC contributions,03/28/2027,10:30 AM,03/28/2027,1:00 PM,False,PRs to target orgs (Feb 19+).,,False
GSoC books / proposal drafts,03/28/2027,1:00 PM,03/28/2027,4:00 PM,False,"Mar: write proposals, get community feedback.",,False
Virtual CF Div2,03/28/2027,4:30 PM,03/28/2027,7:30 PM,False,2h timed.,,False
Weekly review + tracker update,03/28/2027,9:30 PM,03/28/2027,10:00 PM,False,GSoC milestone progress.,,False
GSoC Stage 3-4: ML/DL + Transformers,03/29/2027,5:30 AM,03/29/2027,8:00 AM,False,"Hands-On ML, DL from Scratch, NLP with Transformers, Build LLM from Scratch. Proposals by Mar 31.",,False
GSoC: org research / contributions / proposals,03/29/2027,4:00 PM,03/29/2027,6:30 PM,False,Jan: shortlist orgs. Feb 19+: PRs to target orgs. Mar 16-31: submit proposals.,,False
GSoC Stage 3-4 books,03/29/2027,7:00 PM,03/29/2027,9:00 PM,False,ML/DL/Transformers reading for proposal credibility.,,False
Review + notes,03/29/2027,9:00 PM,03/29/2027,9:30 PM,False,"One page: new patterns, mistakes, tricks. Update templates.",,False
GSoC Stage 3-4: ML/DL + Transformers,03/30/2027,5:30 AM,03/30/2027,8:00 AM,False,"Hands-On ML, DL from Scratch, NLP with Transformers, Build LLM from Scratch. Proposals by Mar 31.",,False
GSoC: org research / contributions / proposals,03/30/2027,4:00 PM,03/30/2027,6:30 PM,False,Jan: shortlist orgs. Feb 19+: PRs to target orgs. Mar 16-31: submit proposals.,,False
Codeforces contest,03/30/2027,7:00 PM,03/30/2027,9:00 PM,False,CF ~20:05/22:35 IST.,,False
Review + notes,03/30/2027,9:00 PM,03/30/2027,9:30 PM,False,"One page: new patterns, mistakes, tricks. Update templates.",,False
GSoC Stage 3-4: ML/DL + Transformers,03/31/2027,5:30 AM,03/31/2027,8:00 AM,False,"Hands-On ML, DL from Scratch, NLP with Transformers, Build LLM from Scratch. Proposals by Mar 31.",,False
GSoC: org research / contributions / proposals,03/31/2027,4:00 PM,03/31/2027,6:30 PM,False,Jan: shortlist orgs. Feb 19+: PRs to target orgs. Mar 16-31: submit proposals.,,False
CodeChef Starters,03/31/2027,7:00 PM,03/31/2027,9:00 PM,False,Wed 20:00 IST.,,False
Review + notes,03/31/2027,9:00 PM,03/31/2027,9:30 PM,False,"One page: new patterns, mistakes, tricks. Update templates.",,False
GSoC Stage 5-6: LLM Apps + Agents,04/01/2027,5:30 AM,04/01/2027,8:00 AM,False,"Prompt Eng, RAG, AI Engineering, Agents/MCP, LLMOps. Coding period is the priority.",,False
GSoC project coding,04/01/2027,4:00 PM,04/01/2027,6:30 PM,False,Milestone work + tests + docs. Weekly mentor sync. 1 contest/week only.,,False
GSoC coding,04/01/2027,7:00 PM,04/01/2027,9:00 PM,False,Project work. If not accepted: portfolio projects + Stages 5-6.,,False
Review + notes,04/01/2027,9:00 PM,04/01/2027,9:30 PM,False,"One page: new patterns, mistakes, tricks. Update templates.",,False
GSoC Stage 5-6: LLM Apps + Agents,04/02/2027,5:30 AM,04/02/2027,8:00 AM,False,"Prompt Eng, RAG, AI Engineering, Agents/MCP, LLMOps. Coding period is the priority.",,False
GSoC project coding,04/02/2027,4:00 PM,04/02/2027,6:30 PM,False,Milestone work + tests + docs. Weekly mentor sync. 1 contest/week only.,,False
GSoC coding,04/02/2027,7:00 PM,04/02/2027,9:00 PM,False,Project work. If not accepted: portfolio projects + Stages 5-6.,,False
Review + notes,04/02/2027,9:00 PM,04/02/2027,9:30 PM,False,"One page: new patterns, mistakes, tricks. Update templates.",,False
GSoC Stage 5-6 books,04/03/2027,8:00 AM,04/03/2027,10:30 AM,False,"LLM Apps, Agents, LLMOps.",,False
GSoC coding,04/03/2027,10:30 AM,04/03/2027,1:00 PM,False,Milestone work.,,False
GSoC coding,04/03/2027,1:00 PM,04/03/2027,4:00 PM,False,Milestone work + tests.,,False
AtCoder ABC (only contest),04/03/2027,5:30 PM,04/03/2027,8:30 PM,False,Keeps you warm.,,False
GSoC Stage 5-6 books,04/04/2027,8:00 AM,04/04/2027,10:30 AM,False,"LLM Apps, Agents, LLMOps.",,False
GSoC coding,04/04/2027,10:30 AM,04/04/2027,1:00 PM,False,Milestone work.,,False
GSoC coding,04/04/2027,1:00 PM,04/04/2027,4:00 PM,False,Milestone work + tests.,,False
GSoC coding,04/04/2027,4:30 PM,04/04/2027,7:30 PM,False,Milestone work.,,False
Weekly review + tracker update,04/04/2027,9:30 PM,04/04/2027,10:00 PM,False,GSoC milestone progress.,,False
GSoC Stage 5-6: LLM Apps + Agents,04/05/2027,5:30 AM,04/05/2027,8:00 AM,False,"Prompt Eng, RAG, AI Engineering, Agents/MCP, LLMOps. Coding period is the priority.",,False
GSoC project coding,04/05/2027,4:00 PM,04/05/2027,6:30 PM,False,Milestone work + tests + docs. Weekly mentor sync. 1 contest/week only.,,False
GSoC coding,04/05/2027,7:00 PM,04/05/2027,9:00 PM,False,Project work. If not accepted: portfolio projects + Stages 5-6.,,False
Review + notes,04/05/2027,9:00 PM,04/05/2027,9:30 PM,False,"One page: new patterns, mistakes, tricks. Update templates.",,False
GSoC Stage 5-6: LLM Apps + Agents,04/06/2027,5:30 AM,04/06/2027,8:00 AM,False,"Prompt Eng, RAG, AI Engineering, Agents/MCP, LLMOps. Coding period is the priority.",,False
GSoC project coding,04/06/2027,4:00 PM,04/06/2027,6:30 PM,False,Milestone work + tests + docs. Weekly mentor sync. 1 contest/week only.,,False
GSoC coding,04/06/2027,7:00 PM,04/06/2027,9:00 PM,False,Project work. If not accepted: portfolio projects + Stages 5-6.,,False
Review + notes,04/06/2027,9:00 PM,04/06/2027,9:30 PM,False,"One page: new patterns, mistakes, tricks. Update templates.",,False
GSoC Stage 5-6: LLM Apps + Agents,04/07/2027,5:30 AM,04/07/2027,8:00 AM,False,"Prompt Eng, RAG, AI Engineering, Agents/MCP, LLMOps. Coding period is the priority.",,False
GSoC project coding,04/07/2027,4:00 PM,04/07/2027,6:30 PM,False,Milestone work + tests + docs. Weekly mentor sync. 1 contest/week only.,,False
CodeChef Starters (only contest this week),04/07/2027,7:00 PM,04/07/2027,9:00 PM,False,Wed 20:00 IST — keeps you warm.,,False
Review + notes,04/07/2027,9:00 PM,04/07/2027,9:30 PM,False,"One page: new patterns, mistakes, tricks. Update templates.",,False
GSoC Stage 5-6: LLM Apps + Agents,04/08/2027,5:30 AM,04/08/2027,8:00 AM,False,"Prompt Eng, RAG, AI Engineering, Agents/MCP, LLMOps. Coding period is the priority.",,False
GSoC project coding,04/08/2027,4:00 PM,04/08/2027,6:30 PM,False,Milestone work + tests + docs. Weekly mentor sync. 1 contest/week only.,,False
GSoC coding,04/08/2027,7:00 PM,04/08/2027,9:00 PM,False,Project work. If not accepted: portfolio projects + Stages 5-6.,,False
Review + notes,04/08/2027,9:00 PM,04/08/2027,9:30 PM,False,"One page: new patterns, mistakes, tricks. Update templates.",,False
GSoC Stage 5-6: LLM Apps + Agents,04/09/2027,5:30 AM,04/09/2027,8:00 AM,False,"Prompt Eng, RAG, AI Engineering, Agents/MCP, LLMOps. Coding period is the priority.",,False
GSoC project coding,04/09/2027,4:00 PM,04/09/2027,6:30 PM,False,Milestone work + tests + docs. Weekly mentor sync. 1 contest/week only.,,False
GSoC coding,04/09/2027,7:00 PM,04/09/2027,9:00 PM,False,Project work. If not accepted: portfolio projects + Stages 5-6.,,False
Review + notes,04/09/2027,9:00 PM,04/09/2027,9:30 PM,False,"One page: new patterns, mistakes, tricks. Update templates.",,False
GSoC Stage 5-6 books,04/10/2027,8:00 AM,04/10/2027,10:30 AM,False,"LLM Apps, Agents, LLMOps.",,False
GSoC coding,04/10/2027,10:30 AM,04/10/2027,1:00 PM,False,Milestone work.,,False
GSoC coding,04/10/2027,1:00 PM,04/10/2027,4:00 PM,False,Milestone work + tests.,,False
AtCoder ABC (only contest),04/10/2027,5:30 PM,04/10/2027,8:30 PM,False,Keeps you warm.,,False
GSoC Stage 5-6 books,04/11/2027,8:00 AM,04/11/2027,10:30 AM,False,"LLM Apps, Agents, LLMOps.",,False
GSoC coding,04/11/2027,10:30 AM,04/11/2027,1:00 PM,False,Milestone work.,,False
GSoC coding,04/11/2027,1:00 PM,04/11/2027,4:00 PM,False,Milestone work + tests.,,False
GSoC coding,04/11/2027,4:30 PM,04/11/2027,7:30 PM,False,Milestone work.,,False
Weekly review + tracker update,04/11/2027,9:30 PM,04/11/2027,10:00 PM,False,GSoC milestone progress.,,False
GSoC Stage 5-6: LLM Apps + Agents,04/12/2027,5:30 AM,04/12/2027,8:00 AM,False,"Prompt Eng, RAG, AI Engineering, Agents/MCP, LLMOps. Coding period is the priority.",,False
GSoC project coding,04/12/2027,4:00 PM,04/12/2027,6:30 PM,False,Milestone work + tests + docs. Weekly mentor sync. 1 contest/week only.,,False
GSoC coding,04/12/2027,7:00 PM,04/12/2027,9:00 PM,False,Project work. If not accepted: portfolio projects + Stages 5-6.,,False
Review + notes,04/12/2027,9:00 PM,04/12/2027,9:30 PM,False,"One page: new patterns, mistakes, tricks. Update templates.",,False
GSoC Stage 5-6: LLM Apps + Agents,04/13/2027,5:30 AM,04/13/2027,8:00 AM,False,"Prompt Eng, RAG, AI Engineering, Agents/MCP, LLMOps. Coding period is the priority.",,False
GSoC project coding,04/13/2027,4:00 PM,04/13/2027,6:30 PM,False,Milestone work + tests + docs. Weekly mentor sync. 1 contest/week only.,,False
GSoC coding,04/13/2027,7:00 PM,04/13/2027,9:00 PM,False,Project work. If not accepted: portfolio projects + Stages 5-6.,,False
Review + notes,04/13/2027,9:00 PM,04/13/2027,9:30 PM,False,"One page: new patterns, mistakes, tricks. Update templates.",,False
GSoC Stage 5-6: LLM Apps + Agents,04/14/2027,5:30 AM,04/14/2027,8:00 AM,False,"Prompt Eng, RAG, AI Engineering, Agents/MCP, LLMOps. Coding period is the priority.",,False
GSoC project coding,04/14/2027,4:00 PM,04/14/2027,6:30 PM,False,Milestone work + tests + docs. Weekly mentor sync. 1 contest/week only.,,False
CodeChef Starters (only contest this week),04/14/2027,7:00 PM,04/14/2027,9:00 PM,False,Wed 20:00 IST — keeps you warm.,,False
Review + notes,04/14/2027,9:00 PM,04/14/2027,9:30 PM,False,"One page: new patterns, mistakes, tricks. Update templates.",,False
GSoC Stage 5-6: LLM Apps + Agents,04/15/2027,5:30 AM,04/15/2027,8:00 AM,False,"Prompt Eng, RAG, AI Engineering, Agents/MCP, LLMOps. Coding period is the priority.",,False
GSoC project coding,04/15/2027,4:00 PM,04/15/2027,6:30 PM,False,Milestone work + tests + docs. Weekly mentor sync. 1 contest/week only.,,False
GSoC coding,04/15/2027,7:00 PM,04/15/2027,9:00 PM,False,Project work. If not accepted: portfolio projects + Stages 5-6.,,False
Review + notes,04/15/2027,9:00 PM,04/15/2027,9:30 PM,False,"One page: new patterns, mistakes, tricks. Update templates.",,False
GSoC Stage 5-6: LLM Apps + Agents,04/16/2027,5:30 AM,04/16/2027,8:00 AM,False,"Prompt Eng, RAG, AI Engineering, Agents/MCP, LLMOps. Coding period is the priority.",,False
GSoC project coding,04/16/2027,4:00 PM,04/16/2027,6:30 PM,False,Milestone work + tests + docs. Weekly mentor sync. 1 contest/week only.,,False
GSoC coding,04/16/2027,7:00 PM,04/16/2027,9:00 PM,False,Project work. If not accepted: portfolio projects + Stages 5-6.,,False
Review + notes,04/16/2027,9:00 PM,04/16/2027,9:30 PM,False,"One page: new patterns, mistakes, tricks. Update templates.",,False
GSoC Stage 5-6 books,04/17/2027,8:00 AM,04/17/2027,10:30 AM,False,"LLM Apps, Agents, LLMOps.",,False
GSoC coding,04/17/2027,10:30 AM,04/17/2027,1:00 PM,False,Milestone work.,,False
GSoC coding,04/17/2027,1:00 PM,04/17/2027,4:00 PM,False,Milestone work + tests.,,False
AtCoder ABC (only contest),04/17/2027,5:30 PM,04/17/2027,8:30 PM,False,Keeps you warm.,,False
GSoC Stage 5-6 books,04/18/2027,8:00 AM,04/18/2027,10:30 AM,False,"LLM Apps, Agents, LLMOps.",,False
GSoC coding,04/18/2027,10:30 AM,04/18/2027,1:00 PM,False,Milestone work.,,False
GSoC coding,04/18/2027,1:00 PM,04/18/2027,4:00 PM,False,Milestone work + tests.,,False
GSoC coding,04/18/2027,4:30 PM,04/18/2027,7:30 PM,False,Milestone work.,,False
Weekly review + tracker update,04/18/2027,9:30 PM,04/18/2027,10:00 PM,False,GSoC milestone progress.,,False
GSoC Stage 5-6: LLM Apps + Agents,04/19/2027,5:30 AM,04/19/2027,8:00 AM,False,"Prompt Eng, RAG, AI Engineering, Agents/MCP, LLMOps. Coding period is the priority.",,False
GSoC project coding,04/19/2027,4:00 PM,04/19/2027,6:30 PM,False,Milestone work + tests + docs. Weekly mentor sync. 1 contest/week only.,,False
GSoC coding,04/19/2027,7:00 PM,04/19/2027,9:00 PM,False,Project work. If not accepted: portfolio projects + Stages 5-6.,,False
Review + notes,04/19/2027,9:00 PM,04/19/2027,9:30 PM,False,"One page: new patterns, mistakes, tricks. Update templates.",,False
GSoC Stage 5-6: LLM Apps + Agents,04/20/2027,5:30 AM,04/20/2027,8:00 AM,False,"Prompt Eng, RAG, AI Engineering, Agents/MCP, LLMOps. Coding period is the priority.",,False
GSoC project coding,04/20/2027,4:00 PM,04/20/2027,6:30 PM,False,Milestone work + tests + docs. Weekly mentor sync. 1 contest/week only.,,False
GSoC coding,04/20/2027,7:00 PM,04/20/2027,9:00 PM,False,Project work. If not accepted: portfolio projects + Stages 5-6.,,False
Review + notes,04/20/2027,9:00 PM,04/20/2027,9:30 PM,False,"One page: new patterns, mistakes, tricks. Update templates.",,False
GSoC Stage 5-6: LLM Apps + Agents,04/21/2027,5:30 AM,04/21/2027,8:00 AM,False,"Prompt Eng, RAG, AI Engineering, Agents/MCP, LLMOps. Coding period is the priority.",,False
GSoC project coding,04/21/2027,4:00 PM,04/21/2027,6:30 PM,False,Milestone work + tests + docs. Weekly mentor sync. 1 contest/week only.,,False
CodeChef Starters (only contest this week),04/21/2027,7:00 PM,04/21/2027,9:00 PM,False,Wed 20:00 IST — keeps you warm.,,False
Review + notes,04/21/2027,9:00 PM,04/21/2027,9:30 PM,False,"One page: new patterns, mistakes, tricks. Update templates.",,False
GSoC Stage 5-6: LLM Apps + Agents,04/22/2027,5:30 AM,04/22/2027,8:00 AM,False,"Prompt Eng, RAG, AI Engineering, Agents/MCP, LLMOps. Coding period is the priority.",,False
GSoC project coding,04/22/2027,4:00 PM,04/22/2027,6:30 PM,False,Milestone work + tests + docs. Weekly mentor sync. 1 contest/week only.,,False
GSoC coding,04/22/2027,7:00 PM,04/22/2027,9:00 PM,False,Project work. If not accepted: portfolio projects + Stages 5-6.,,False
Review + notes,04/22/2027,9:00 PM,04/22/2027,9:30 PM,False,"One page: new patterns, mistakes, tricks. Update templates.",,False
GSoC Stage 5-6: LLM Apps + Agents,04/23/2027,5:30 AM,04/23/2027,8:00 AM,False,"Prompt Eng, RAG, AI Engineering, Agents/MCP, LLMOps. Coding period is the priority.",,False
GSoC project coding,04/23/2027,4:00 PM,04/23/2027,6:30 PM,False,Milestone work + tests + docs. Weekly mentor sync. 1 contest/week only.,,False
GSoC coding,04/23/2027,7:00 PM,04/23/2027,9:00 PM,False,Project work. If not accepted: portfolio projects + Stages 5-6.,,False
Review + notes,04/23/2027,9:00 PM,04/23/2027,9:30 PM,False,"One page: new patterns, mistakes, tricks. Update templates.",,False
GSoC Stage 5-6 books,04/24/2027,8:00 AM,04/24/2027,10:30 AM,False,"LLM Apps, Agents, LLMOps.",,False
GSoC coding,04/24/2027,10:30 AM,04/24/2027,1:00 PM,False,Milestone work.,,False
GSoC coding,04/24/2027,1:00 PM,04/24/2027,4:00 PM,False,Milestone work + tests.,,False
AtCoder ABC (only contest),04/24/2027,5:30 PM,04/24/2027,8:30 PM,False,Keeps you warm.,,False
GSoC Stage 5-6 books,04/25/2027,8:00 AM,04/25/2027,10:30 AM,False,"LLM Apps, Agents, LLMOps.",,False
GSoC coding,04/25/2027,10:30 AM,04/25/2027,1:00 PM,False,Milestone work.,,False
GSoC coding,04/25/2027,1:00 PM,04/25/2027,4:00 PM,False,Milestone work + tests.,,False
GSoC coding,04/25/2027,4:30 PM,04/25/2027,7:30 PM,False,Milestone work.,,False
Weekly review + tracker update,04/25/2027,9:30 PM,04/25/2027,10:00 PM,False,GSoC milestone progress.,,False
GSoC Stage 5-6: LLM Apps + Agents,04/26/2027,5:30 AM,04/26/2027,8:00 AM,False,"Prompt Eng, RAG, AI Engineering, Agents/MCP, LLMOps. Coding period is the priority.",,False
GSoC project coding,04/26/2027,4:00 PM,04/26/2027,6:30 PM,False,Milestone work + tests + docs. Weekly mentor sync. 1 contest/week only.,,False
GSoC coding,04/26/2027,7:00 PM,04/26/2027,9:00 PM,False,Project work. If not accepted: portfolio projects + Stages 5-6.,,False
Review + notes,04/26/2027,9:00 PM,04/26/2027,9:30 PM,False,"One page: new patterns, mistakes, tricks. Update templates.",,False
GSoC Stage 5-6: LLM Apps + Agents,04/27/2027,5:30 AM,04/27/2027,8:00 AM,False,"Prompt Eng, RAG, AI Engineering, Agents/MCP, LLMOps. Coding period is the priority.",,False
GSoC project coding,04/27/2027,4:00 PM,04/27/2027,6:30 PM,False,Milestone work + tests + docs. Weekly mentor sync. 1 contest/week only.,,False
GSoC coding,04/27/2027,7:00 PM,04/27/2027,9:00 PM,False,Project work. If not accepted: portfolio projects + Stages 5-6.,,False
Review + notes,04/27/2027,9:00 PM,04/27/2027,9:30 PM,False,"One page: new patterns, mistakes, tricks. Update templates.",,False
GSoC Stage 5-6: LLM Apps + Agents,04/28/2027,5:30 AM,04/28/2027,8:00 AM,False,"Prompt Eng, RAG, AI Engineering, Agents/MCP, LLMOps. Coding period is the priority.",,False
GSoC project coding,04/28/2027,4:00 PM,04/28/2027,6:30 PM,False,Milestone work + tests + docs. Weekly mentor sync. 1 contest/week only.,,False
CodeChef Starters (only contest this week),04/28/2027,7:00 PM,04/28/2027,9:00 PM,False,Wed 20:00 IST — keeps you warm.,,False
Review + notes,04/28/2027,9:00 PM,04/28/2027,9:30 PM,False,"One page: new patterns, mistakes, tricks. Update templates.",,False
GSoC Stage 5-6: LLM Apps + Agents,04/29/2027,5:30 AM,04/29/2027,8:00 AM,False,"Prompt Eng, RAG, AI Engineering, Agents/MCP, LLMOps. Coding period is the priority.",,False
GSoC project coding,04/29/2027,4:00 PM,04/29/2027,6:30 PM,False,Milestone work + tests + docs. Weekly mentor sync. 1 contest/week only.,,False
GSoC coding,04/29/2027,7:00 PM,04/29/2027,9:00 PM,False,Project work. If not accepted: portfolio projects + Stages 5-6.,,False
Review + notes,04/29/2027,9:00 PM,04/29/2027,9:30 PM,False,"One page: new patterns, mistakes, tricks. Update templates.",,False
GSoC Stage 5-6: LLM Apps + Agents,04/30/2027,5:30 AM,04/30/2027,8:00 AM,False,"Prompt Eng, RAG, AI Engineering, Agents/MCP, LLMOps. Coding period is the priority.",,False
GSoC project coding,04/30/2027,4:00 PM,04/30/2027,6:30 PM,False,Milestone work + tests + docs. Weekly mentor sync. 1 contest/week only.,,False
GSoC coding,04/30/2027,7:00 PM,04/30/2027,9:00 PM,False,Project work. If not accepted: portfolio projects + Stages 5-6.,,False
Review + notes,04/30/2027,9:00 PM,04/30/2027,9:30 PM,False,"One page: new patterns, mistakes, tricks. Update templates.",,False
GSoC Stage 5-6 books,05/01/2027,8:00 AM,05/01/2027,10:30 AM,False,"LLM Apps, Agents, LLMOps.",,False
GSoC coding,05/01/2027,10:30 AM,05/01/2027,1:00 PM,False,Milestone work.,,False
GSoC coding,05/01/2027,1:00 PM,05/01/2027,4:00 PM,False,Milestone work + tests.,,False
AtCoder ABC (only contest),05/01/2027,5:30 PM,05/01/2027,8:30 PM,False,Keeps you warm.,,False
GSoC Stage 5-6 books,05/02/2027,8:00 AM,05/02/2027,10:30 AM,False,"LLM Apps, Agents, LLMOps.",,False
GSoC coding,05/02/2027,10:30 AM,05/02/2027,1:00 PM,False,Milestone work.,,False
GSoC coding,05/02/2027,1:00 PM,05/02/2027,4:00 PM,False,Milestone work + tests.,,False
GSoC coding,05/02/2027,4:30 PM,05/02/2027,7:30 PM,False,Milestone work.,,False
Weekly review + tracker update,05/02/2027,9:30 PM,05/02/2027,10:00 PM,False,GSoC milestone progress.,,False
GSoC Stage 5-6: LLM Apps + Agents,05/03/2027,5:30 AM,05/03/2027,8:00 AM,False,"Prompt Eng, RAG, AI Engineering, Agents/MCP, LLMOps. Coding period is the priority.",,False
GSoC project coding,05/03/2027,4:00 PM,05/03/2027,6:30 PM,False,Milestone work + tests + docs. Weekly mentor sync. 1 contest/week only.,,False
GSoC coding,05/03/2027,7:00 PM,05/03/2027,9:00 PM,False,Project work. If not accepted: portfolio projects + Stages 5-6.,,False
Review + notes,05/03/2027,9:00 PM,05/03/2027,9:30 PM,False,"One page: new patterns, mistakes, tricks. Update templates.",,False
GSoC Stage 5-6: LLM Apps + Agents,05/04/2027,5:30 AM,05/04/2027,8:00 AM,False,"Prompt Eng, RAG, AI Engineering, Agents/MCP, LLMOps. Coding period is the priority.",,False
GSoC project coding,05/04/2027,4:00 PM,05/04/2027,6:30 PM,False,Milestone work + tests + docs. Weekly mentor sync. 1 contest/week only.,,False
GSoC coding,05/04/2027,7:00 PM,05/04/2027,9:00 PM,False,Project work. If not accepted: portfolio projects + Stages 5-6.,,False
Review + notes,05/04/2027,9:00 PM,05/04/2027,9:30 PM,False,"One page: new patterns, mistakes, tricks. Update templates.",,False
GSoC Stage 5-6: LLM Apps + Agents,05/05/2027,5:30 AM,05/05/2027,8:00 AM,False,"Prompt Eng, RAG, AI Engineering, Agents/MCP, LLMOps. Coding period is the priority.",,False
GSoC project coding,05/05/2027,4:00 PM,05/05/2027,6:30 PM,False,Milestone work + tests + docs. Weekly mentor sync. 1 contest/week only.,,False
CodeChef Starters (only contest this week),05/05/2027,7:00 PM,05/05/2027,9:00 PM,False,Wed 20:00 IST — keeps you warm.,,False
Review + notes,05/05/2027,9:00 PM,05/05/2027,9:30 PM,False,"One page: new patterns, mistakes, tricks. Update templates.",,False
GSoC Stage 5-6: LLM Apps + Agents,05/06/2027,5:30 AM,05/06/2027,8:00 AM,False,"Prompt Eng, RAG, AI Engineering, Agents/MCP, LLMOps. Coding period is the priority.",,False
GSoC project coding,05/06/2027,4:00 PM,05/06/2027,6:30 PM,False,Milestone work + tests + docs. Weekly mentor sync. 1 contest/week only.,,False
GSoC coding,05/06/2027,7:00 PM,05/06/2027,9:00 PM,False,Project work. If not accepted: portfolio projects + Stages 5-6.,,False
Review + notes,05/06/2027,9:00 PM,05/06/2027,9:30 PM,False,"One page: new patterns, mistakes, tricks. Update templates.",,False
GSoC Stage 5-6: LLM Apps + Agents,05/07/2027,5:30 AM,05/07/2027,8:00 AM,False,"Prompt Eng, RAG, AI Engineering, Agents/MCP, LLMOps. Coding period is the priority.",,False
GSoC project coding,05/07/2027,4:00 PM,05/07/2027,6:30 PM,False,Milestone work + tests + docs. Weekly mentor sync. 1 contest/week only.,,False
GSoC coding,05/07/2027,7:00 PM,05/07/2027,9:00 PM,False,Project work. If not accepted: portfolio projects + Stages 5-6.,,False
Review + notes,05/07/2027,9:00 PM,05/07/2027,9:30 PM,False,"One page: new patterns, mistakes, tricks. Update templates.",,False
GSoC Stage 5-6 books,05/08/2027,8:00 AM,05/08/2027,10:30 AM,False,"LLM Apps, Agents, LLMOps.",,False
GSoC coding,05/08/2027,10:30 AM,05/08/2027,1:00 PM,False,Milestone work.,,False
GSoC coding,05/08/2027,1:00 PM,05/08/2027,4:00 PM,False,Milestone work + tests.,,False
AtCoder ABC (only contest),05/08/2027,5:30 PM,05/08/2027,8:30 PM,False,Keeps you warm.,,False
GSoC Stage 5-6 books,05/09/2027,8:00 AM,05/09/2027,10:30 AM,False,"LLM Apps, Agents, LLMOps.",,False
GSoC coding,05/09/2027,10:30 AM,05/09/2027,1:00 PM,False,Milestone work.,,False
GSoC coding,05/09/2027,1:00 PM,05/09/2027,4:00 PM,False,Milestone work + tests.,,False
GSoC coding,05/09/2027,4:30 PM,05/09/2027,7:30 PM,False,Milestone work.,,False
Weekly review + tracker update,05/09/2027,9:30 PM,05/09/2027,10:00 PM,False,GSoC milestone progress.,,False
GSoC Stage 5-6: LLM Apps + Agents,05/10/2027,5:30 AM,05/10/2027,8:00 AM,False,"Prompt Eng, RAG, AI Engineering, Agents/MCP, LLMOps. Coding period is the priority.",,False
GSoC project coding,05/10/2027,4:00 PM,05/10/2027,6:30 PM,False,Milestone work + tests + docs. Weekly mentor sync. 1 contest/week only.,,False
GSoC coding,05/10/2027,7:00 PM,05/10/2027,9:00 PM,False,Project work. If not accepted: portfolio projects + Stages 5-6.,,False
Review + notes,05/10/2027,9:00 PM,05/10/2027,9:30 PM,False,"One page: new patterns, mistakes, tricks. Update templates.",,False
GSoC Stage 5-6: LLM Apps + Agents,05/11/2027,5:30 AM,05/11/2027,8:00 AM,False,"Prompt Eng, RAG, AI Engineering, Agents/MCP, LLMOps. Coding period is the priority.",,False
GSoC project coding,05/11/2027,4:00 PM,05/11/2027,6:30 PM,False,Milestone work + tests + docs. Weekly mentor sync. 1 contest/week only.,,False
GSoC coding,05/11/2027,7:00 PM,05/11/2027,9:00 PM,False,Project work. If not accepted: portfolio projects + Stages 5-6.,,False
Review + notes,05/11/2027,9:00 PM,05/11/2027,9:30 PM,False,"One page: new patterns, mistakes, tricks. Update templates.",,False
GSoC Stage 5-6: LLM Apps + Agents,05/12/2027,5:30 AM,05/12/2027,8:00 AM,False,"Prompt Eng, RAG, AI Engineering, Agents/MCP, LLMOps. Coding period is the priority.",,False
GSoC project coding,05/12/2027,4:00 PM,05/12/2027,6:30 PM,False,Milestone work + tests + docs. Weekly mentor sync. 1 contest/week only.,,False
CodeChef Starters (only contest this week),05/12/2027,7:00 PM,05/12/2027,9:00 PM,False,Wed 20:00 IST — keeps you warm.,,False
Review + notes,05/12/2027,9:00 PM,05/12/2027,9:30 PM,False,"One page: new patterns, mistakes, tricks. Update templates.",,False
GSoC Stage 5-6: LLM Apps + Agents,05/13/2027,5:30 AM,05/13/2027,8:00 AM,False,"Prompt Eng, RAG, AI Engineering, Agents/MCP, LLMOps. Coding period is the priority.",,False
GSoC project coding,05/13/2027,4:00 PM,05/13/2027,6:30 PM,False,Milestone work + tests + docs. Weekly mentor sync. 1 contest/week only.,,False
GSoC coding,05/13/2027,7:00 PM,05/13/2027,9:00 PM,False,Project work. If not accepted: portfolio projects + Stages 5-6.,,False
Review + notes,05/13/2027,9:00 PM,05/13/2027,9:30 PM,False,"One page: new patterns, mistakes, tricks. Update templates.",,False
GSoC Stage 5-6: LLM Apps + Agents,05/14/2027,5:30 AM,05/14/2027,8:00 AM,False,"Prompt Eng, RAG, AI Engineering, Agents/MCP, LLMOps. Coding period is the priority.",,False
GSoC project coding,05/14/2027,4:00 PM,05/14/2027,6:30 PM,False,Milestone work + tests + docs. Weekly mentor sync. 1 contest/week only.,,False
GSoC coding,05/14/2027,7:00 PM,05/14/2027,9:00 PM,False,Project work. If not accepted: portfolio projects + Stages 5-6.,,False
Review + notes,05/14/2027,9:00 PM,05/14/2027,9:30 PM,False,"One page: new patterns, mistakes, tricks. Update templates.",,False
GSoC Stage 5-6 books,05/15/2027,8:00 AM,05/15/2027,10:30 AM,False,"LLM Apps, Agents, LLMOps.",,False
GSoC coding,05/15/2027,10:30 AM,05/15/2027,1:00 PM,False,Milestone work.,,False
GSoC coding,05/15/2027,1:00 PM,05/15/2027,4:00 PM,False,Milestone work + tests.,,False
AtCoder ABC (only contest),05/15/2027,5:30 PM,05/15/2027,8:30 PM,False,Keeps you warm.,,False
GSoC Stage 5-6 books,05/16/2027,8:00 AM,05/16/2027,10:30 AM,False,"LLM Apps, Agents, LLMOps.",,False
GSoC coding,05/16/2027,10:30 AM,05/16/2027,1:00 PM,False,Milestone work.,,False
GSoC coding,05/16/2027,1:00 PM,05/16/2027,4:00 PM,False,Milestone work + tests.,,False
GSoC coding,05/16/2027,4:30 PM,05/16/2027,7:30 PM,False,Milestone work.,,False
Weekly review + tracker update,05/16/2027,9:30 PM,05/16/2027,10:00 PM,False,GSoC milestone progress.,,False
GSoC Stage 5-6: LLM Apps + Agents,05/17/2027,5:30 AM,05/17/2027,8:00 AM,False,"Prompt Eng, RAG, AI Engineering, Agents/MCP, LLMOps. Coding period is the priority.",,False
GSoC project coding,05/17/2027,4:00 PM,05/17/2027,6:30 PM,False,Milestone work + tests + docs. Weekly mentor sync. 1 contest/week only.,,False
GSoC coding,05/17/2027,7:00 PM,05/17/2027,9:00 PM,False,Project work. If not accepted: portfolio projects + Stages 5-6.,,False
Review + notes,05/17/2027,9:00 PM,05/17/2027,9:30 PM,False,"One page: new patterns, mistakes, tricks. Update templates.",,False
GSoC Stage 5-6: LLM Apps + Agents,05/18/2027,5:30 AM,05/18/2027,8:00 AM,False,"Prompt Eng, RAG, AI Engineering, Agents/MCP, LLMOps. Coding period is the priority.",,False
GSoC project coding,05/18/2027,4:00 PM,05/18/2027,6:30 PM,False,Milestone work + tests + docs. Weekly mentor sync. 1 contest/week only.,,False
GSoC coding,05/18/2027,7:00 PM,05/18/2027,9:00 PM,False,Project work. If not accepted: portfolio projects + Stages 5-6.,,False
Review + notes,05/18/2027,9:00 PM,05/18/2027,9:30 PM,False,"One page: new patterns, mistakes, tricks. Update templates.",,False
GSoC Stage 5-6: LLM Apps + Agents,05/19/2027,5:30 AM,05/19/2027,8:00 AM,False,"Prompt Eng, RAG, AI Engineering, Agents/MCP, LLMOps. Coding period is the priority.",,False
GSoC project coding,05/19/2027,4:00 PM,05/19/2027,6:30 PM,False,Milestone work + tests + docs. Weekly mentor sync. 1 contest/week only.,,False
CodeChef Starters (only contest this week),05/19/2027,7:00 PM,05/19/2027,9:00 PM,False,Wed 20:00 IST — keeps you warm.,,False
Review + notes,05/19/2027,9:00 PM,05/19/2027,9:30 PM,False,"One page: new patterns, mistakes, tricks. Update templates.",,False
GSoC Stage 5-6: LLM Apps + Agents,05/20/2027,5:30 AM,05/20/2027,8:00 AM,False,"Prompt Eng, RAG, AI Engineering, Agents/MCP, LLMOps. Coding period is the priority.",,False
GSoC project coding,05/20/2027,4:00 PM,05/20/2027,6:30 PM,False,Milestone work + tests + docs. Weekly mentor sync. 1 contest/week only.,,False
GSoC coding,05/20/2027,7:00 PM,05/20/2027,9:00 PM,False,Project work. If not accepted: portfolio projects + Stages 5-6.,,False
Review + notes,05/20/2027,9:00 PM,05/20/2027,9:30 PM,False,"One page: new patterns, mistakes, tricks. Update templates.",,False
GSoC Stage 5-6: LLM Apps + Agents,05/21/2027,5:30 AM,05/21/2027,8:00 AM,False,"Prompt Eng, RAG, AI Engineering, Agents/MCP, LLMOps. Coding period is the priority.",,False
GSoC project coding,05/21/2027,4:00 PM,05/21/2027,6:30 PM,False,Milestone work + tests + docs. Weekly mentor sync. 1 contest/week only.,,False
GSoC coding,05/21/2027,7:00 PM,05/21/2027,9:00 PM,False,Project work. If not accepted: portfolio projects + Stages 5-6.,,False
Review + notes,05/21/2027,9:00 PM,05/21/2027,9:30 PM,False,"One page: new patterns, mistakes, tricks. Update templates.",,False
GSoC Stage 5-6 books,05/22/2027,8:00 AM,05/22/2027,10:30 AM,False,"LLM Apps, Agents, LLMOps.",,False
GSoC coding,05/22/2027,10:30 AM,05/22/2027,1:00 PM,False,Milestone work.,,False
GSoC coding,05/22/2027,1:00 PM,05/22/2027,4:00 PM,False,Milestone work + tests.,,False
AtCoder ABC (only contest),05/22/2027,5:30 PM,05/22/2027,8:30 PM,False,Keeps you warm.,,False
GSoC Stage 5-6 books,05/23/2027,8:00 AM,05/23/2027,10:30 AM,False,"LLM Apps, Agents, LLMOps.",,False
GSoC coding,05/23/2027,10:30 AM,05/23/2027,1:00 PM,False,Milestone work.,,False
GSoC coding,05/23/2027,1:00 PM,05/23/2027,4:00 PM,False,Milestone work + tests.,,False
GSoC coding,05/23/2027,4:30 PM,05/23/2027,7:30 PM,False,Milestone work.,,False
Weekly review + tracker update,05/23/2027,9:30 PM,05/23/2027,10:00 PM,False,GSoC milestone progress.,,False
GSoC Stage 5-6: LLM Apps + Agents,05/24/2027,5:30 AM,05/24/2027,8:00 AM,False,"Prompt Eng, RAG, AI Engineering, Agents/MCP, LLMOps. Coding period is the priority.",,False
GSoC project coding,05/24/2027,4:00 PM,05/24/2027,6:30 PM,False,Milestone work + tests + docs. Weekly mentor sync. 1 contest/week only.,,False
GSoC coding,05/24/2027,7:00 PM,05/24/2027,9:00 PM,False,Project work. If not accepted: portfolio projects + Stages 5-6.,,False
Review + notes,05/24/2027,9:00 PM,05/24/2027,9:30 PM,False,"One page: new patterns, mistakes, tricks. Update templates.",,False
GSoC Stage 5-6: LLM Apps + Agents,05/25/2027,5:30 AM,05/25/2027,8:00 AM,False,"Prompt Eng, RAG, AI Engineering, Agents/MCP, LLMOps. Coding period is the priority.",,False
GSoC project coding,05/25/2027,4:00 PM,05/25/2027,6:30 PM,False,Milestone work + tests + docs. Weekly mentor sync. 1 contest/week only.,,False
GSoC coding,05/25/2027,7:00 PM,05/25/2027,9:00 PM,False,Project work. If not accepted: portfolio projects + Stages 5-6.,,False
Review + notes,05/25/2027,9:00 PM,05/25/2027,9:30 PM,False,"One page: new patterns, mistakes, tricks. Update templates.",,False
GSoC Stage 5-6: LLM Apps + Agents,05/26/2027,5:30 AM,05/26/2027,8:00 AM,False,"Prompt Eng, RAG, AI Engineering, Agents/MCP, LLMOps. Coding period is the priority.",,False
GSoC project coding,05/26/2027,4:00 PM,05/26/2027,6:30 PM,False,Milestone work + tests + docs. Weekly mentor sync. 1 contest/week only.,,False
CodeChef Starters (only contest this week),05/26/2027,7:00 PM,05/26/2027,9:00 PM,False,Wed 20:00 IST — keeps you warm.,,False
Review + notes,05/26/2027,9:00 PM,05/26/2027,9:30 PM,False,"One page: new patterns, mistakes, tricks. Update templates.",,False
GSoC Stage 5-6: LLM Apps + Agents,05/27/2027,5:30 AM,05/27/2027,8:00 AM,False,"Prompt Eng, RAG, AI Engineering, Agents/MCP, LLMOps. Coding period is the priority.",,False
GSoC project coding,05/27/2027,4:00 PM,05/27/2027,6:30 PM,False,Milestone work + tests + docs. Weekly mentor sync. 1 contest/week only.,,False
GSoC coding,05/27/2027,7:00 PM,05/27/2027,9:00 PM,False,Project work. If not accepted: portfolio projects + Stages 5-6.,,False
Review + notes,05/27/2027,9:00 PM,05/27/2027,9:30 PM,False,"One page: new patterns, mistakes, tricks. Update templates.",,False
GSoC Stage 5-6: LLM Apps + Agents,05/28/2027,5:30 AM,05/28/2027,8:00 AM,False,"Prompt Eng, RAG, AI Engineering, Agents/MCP, LLMOps. Coding period is the priority.",,False
GSoC project coding,05/28/2027,4:00 PM,05/28/2027,6:30 PM,False,Milestone work + tests + docs. Weekly mentor sync. 1 contest/week only.,,False
GSoC coding,05/28/2027,7:00 PM,05/28/2027,9:00 PM,False,Project work. If not accepted: portfolio projects + Stages 5-6.,,False
Review + notes,05/28/2027,9:00 PM,05/28/2027,9:30 PM,False,"One page: new patterns, mistakes, tricks. Update templates.",,False
GSoC Stage 5-6 books,05/29/2027,8:00 AM,05/29/2027,10:30 AM,False,"LLM Apps, Agents, LLMOps.",,False
GSoC coding,05/29/2027,10:30 AM,05/29/2027,1:00 PM,False,Milestone work.,,False
GSoC coding,05/29/2027,1:00 PM,05/29/2027,4:00 PM,False,Milestone work + tests.,,False
AtCoder ABC (only contest),05/29/2027,5:30 PM,05/29/2027,8:30 PM,False,Keeps you warm.,,False
GSoC Stage 5-6 books,05/30/2027,8:00 AM,05/30/2027,10:30 AM,False,"LLM Apps, Agents, LLMOps.",,False
GSoC coding,05/30/2027,10:30 AM,05/30/2027,1:00 PM,False,Milestone work.,,False
GSoC coding,05/30/2027,1:00 PM,05/30/2027,4:00 PM,False,Milestone work + tests.,,False
GSoC coding,05/30/2027,4:30 PM,05/30/2027,7:30 PM,False,Milestone work.,,False
Weekly review + tracker update,05/30/2027,9:30 PM,05/30/2027,10:00 PM,False,GSoC milestone progress.,,False
GSoC Stage 5-6: LLM Apps + Agents,05/31/2027,5:30 AM,05/31/2027,8:00 AM,False,"Prompt Eng, RAG, AI Engineering, Agents/MCP, LLMOps. Coding period is the priority.",,False
GSoC project coding,05/31/2027,4:00 PM,05/31/2027,6:30 PM,False,Milestone work + tests + docs. Weekly mentor sync. 1 contest/week only.,,False
GSoC coding,05/31/2027,7:00 PM,05/31/2027,9:00 PM,False,Project work. If not accepted: portfolio projects + Stages 5-6.,,False
Review + notes,05/31/2027,9:00 PM,05/31/2027,9:30 PM,False,"One page: new patterns, mistakes, tricks. Update templates.",,False
GSoC Stage 5-6: LLM Apps + Agents,06/01/2027,5:30 AM,06/01/2027,8:00 AM,False,"Prompt Eng, RAG, AI Engineering, Agents/MCP, LLMOps. Coding period is the priority.",,False
GSoC project coding,06/01/2027,4:00 PM,06/01/2027,6:30 PM,False,Milestone work + tests + docs. Weekly mentor sync. 1 contest/week only.,,False
GSoC coding,06/01/2027,7:00 PM,06/01/2027,9:00 PM,False,Project work. If not accepted: portfolio projects + Stages 5-6.,,False
Review + notes,06/01/2027,9:00 PM,06/01/2027,9:30 PM,False,"One page: new patterns, mistakes, tricks. Update templates.",,False
GSoC Stage 5-6: LLM Apps + Agents,06/02/2027,5:30 AM,06/02/2027,8:00 AM,False,"Prompt Eng, RAG, AI Engineering, Agents/MCP, LLMOps. Coding period is the priority.",,False
GSoC project coding,06/02/2027,4:00 PM,06/02/2027,6:30 PM,False,Milestone work + tests + docs. Weekly mentor sync. 1 contest/week only.,,False
CodeChef Starters (only contest this week),06/02/2027,7:00 PM,06/02/2027,9:00 PM,False,Wed 20:00 IST — keeps you warm.,,False
Review + notes,06/02/2027,9:00 PM,06/02/2027,9:30 PM,False,"One page: new patterns, mistakes, tricks. Update templates.",,False
GSoC Stage 5-6: LLM Apps + Agents,06/03/2027,5:30 AM,06/03/2027,8:00 AM,False,"Prompt Eng, RAG, AI Engineering, Agents/MCP, LLMOps. Coding period is the priority.",,False
GSoC project coding,06/03/2027,4:00 PM,06/03/2027,6:30 PM,False,Milestone work + tests + docs. Weekly mentor sync. 1 contest/week only.,,False
GSoC coding,06/03/2027,7:00 PM,06/03/2027,9:00 PM,False,Project work. If not accepted: portfolio projects + Stages 5-6.,,False
Review + notes,06/03/2027,9:00 PM,06/03/2027,9:30 PM,False,"One page: new patterns, mistakes, tricks. Update templates.",,False
GSoC Stage 5-6: LLM Apps + Agents,06/04/2027,5:30 AM,06/04/2027,8:00 AM,False,"Prompt Eng, RAG, AI Engineering, Agents/MCP, LLMOps. Coding period is the priority.",,False
GSoC project coding,06/04/2027,4:00 PM,06/04/2027,6:30 PM,False,Milestone work + tests + docs. Weekly mentor sync. 1 contest/week only.,,False
GSoC coding,06/04/2027,7:00 PM,06/04/2027,9:00 PM,False,Project work. If not accepted: portfolio projects + Stages 5-6.,,False
Review + notes,06/04/2027,9:00 PM,06/04/2027,9:30 PM,False,"One page: new patterns, mistakes, tricks. Update templates.",,False
GSoC Stage 5-6 books,06/05/2027,8:00 AM,06/05/2027,10:30 AM,False,"LLM Apps, Agents, LLMOps.",,False
GSoC coding,06/05/2027,10:30 AM,06/05/2027,1:00 PM,False,Milestone work.,,False
GSoC coding,06/05/2027,1:00 PM,06/05/2027,4:00 PM,False,Milestone work + tests.,,False
AtCoder ABC (only contest),06/05/2027,5:30 PM,06/05/2027,8:30 PM,False,Keeps you warm.,,False
GSoC Stage 5-6 books,06/06/2027,8:00 AM,06/06/2027,10:30 AM,False,"LLM Apps, Agents, LLMOps.",,False
GSoC coding,06/06/2027,10:30 AM,06/06/2027,1:00 PM,False,Milestone work.,,False
GSoC coding,06/06/2027,1:00 PM,06/06/2027,4:00 PM,False,Milestone work + tests.,,False
GSoC coding,06/06/2027,4:30 PM,06/06/2027,7:30 PM,False,Milestone work.,,False
Weekly review + tracker update,06/06/2027,9:30 PM,06/06/2027,10:00 PM,False,GSoC milestone progress.,,False
GSoC Stage 5-6: LLM Apps + Agents,06/07/2027,5:30 AM,06/07/2027,8:00 AM,False,"Prompt Eng, RAG, AI Engineering, Agents/MCP, LLMOps. Coding period is the priority.",,False
GSoC project coding,06/07/2027,4:00 PM,06/07/2027,6:30 PM,False,Milestone work + tests + docs. Weekly mentor sync. 1 contest/week only.,,False
GSoC coding,06/07/2027,7:00 PM,06/07/2027,9:00 PM,False,Project work. If not accepted: portfolio projects + Stages 5-6.,,False
Review + notes,06/07/2027,9:00 PM,06/07/2027,9:30 PM,False,"One page: new patterns, mistakes, tricks. Update templates.",,False
GSoC Stage 5-6: LLM Apps + Agents,06/08/2027,5:30 AM,06/08/2027,8:00 AM,False,"Prompt Eng, RAG, AI Engineering, Agents/MCP, LLMOps. Coding period is the priority.",,False
GSoC project coding,06/08/2027,4:00 PM,06/08/2027,6:30 PM,False,Milestone work + tests + docs. Weekly mentor sync. 1 contest/week only.,,False
GSoC coding,06/08/2027,7:00 PM,06/08/2027,9:00 PM,False,Project work. If not accepted: portfolio projects + Stages 5-6.,,False
Review + notes,06/08/2027,9:00 PM,06/08/2027,9:30 PM,False,"One page: new patterns, mistakes, tricks. Update templates.",,False
GSoC Stage 5-6: LLM Apps + Agents,06/09/2027,5:30 AM,06/09/2027,8:00 AM,False,"Prompt Eng, RAG, AI Engineering, Agents/MCP, LLMOps. Coding period is the priority.",,False
GSoC project coding,06/09/2027,4:00 PM,06/09/2027,6:30 PM,False,Milestone work + tests + docs. Weekly mentor sync. 1 contest/week only.,,False
CodeChef Starters (only contest this week),06/09/2027,7:00 PM,06/09/2027,9:00 PM,False,Wed 20:00 IST — keeps you warm.,,False
Review + notes,06/09/2027,9:00 PM,06/09/2027,9:30 PM,False,"One page: new patterns, mistakes, tricks. Update templates.",,False
GSoC Stage 5-6: LLM Apps + Agents,06/10/2027,5:30 AM,06/10/2027,8:00 AM,False,"Prompt Eng, RAG, AI Engineering, Agents/MCP, LLMOps. Coding period is the priority.",,False
GSoC project coding,06/10/2027,4:00 PM,06/10/2027,6:30 PM,False,Milestone work + tests + docs. Weekly mentor sync. 1 contest/week only.,,False
GSoC coding,06/10/2027,7:00 PM,06/10/2027,9:00 PM,False,Project work. If not accepted: portfolio projects + Stages 5-6.,,False
Review + notes,06/10/2027,9:00 PM,06/10/2027,9:30 PM,False,"One page: new patterns, mistakes, tricks. Update templates.",,False
GSoC Stage 5-6: LLM Apps + Agents,06/11/2027,5:30 AM,06/11/2027,8:00 AM,False,"Prompt Eng, RAG, AI Engineering, Agents/MCP, LLMOps. Coding period is the priority.",,False
GSoC project coding,06/11/2027,4:00 PM,06/11/2027,6:30 PM,False,Milestone work + tests + docs. Weekly mentor sync. 1 contest/week only.,,False
GSoC coding,06/11/2027,7:00 PM,06/11/2027,9:00 PM,False,Project work. If not accepted: portfolio projects + Stages 5-6.,,False
Review + notes,06/11/2027,9:00 PM,06/11/2027,9:30 PM,False,"One page: new patterns, mistakes, tricks. Update templates.",,False
GSoC Stage 5-6 books,06/12/2027,8:00 AM,06/12/2027,10:30 AM,False,"LLM Apps, Agents, LLMOps.",,False
GSoC coding,06/12/2027,10:30 AM,06/12/2027,1:00 PM,False,Milestone work.,,False
GSoC coding,06/12/2027,1:00 PM,06/12/2027,4:00 PM,False,Milestone work + tests.,,False
AtCoder ABC (only contest),06/12/2027,5:30 PM,06/12/2027,8:30 PM,False,Keeps you warm.,,False
GSoC Stage 5-6 books,06/13/2027,8:00 AM,06/13/2027,10:30 AM,False,"LLM Apps, Agents, LLMOps.",,False
GSoC coding,06/13/2027,10:30 AM,06/13/2027,1:00 PM,False,Milestone work.,,False
GSoC coding,06/13/2027,1:00 PM,06/13/2027,4:00 PM,False,Milestone work + tests.,,False
GSoC coding,06/13/2027,4:30 PM,06/13/2027,7:30 PM,False,Milestone work.,,False
Weekly review + tracker update,06/13/2027,9:30 PM,06/13/2027,10:00 PM,False,GSoC milestone progress.,,False
GSoC Stage 5-6: LLM Apps + Agents,06/14/2027,5:30 AM,06/14/2027,8:00 AM,False,"Prompt Eng, RAG, AI Engineering, Agents/MCP, LLMOps. Coding period is the priority.",,False
GSoC project coding,06/14/2027,4:00 PM,06/14/2027,6:30 PM,False,Milestone work + tests + docs. Weekly mentor sync. 1 contest/week only.,,False
GSoC coding,06/14/2027,7:00 PM,06/14/2027,9:00 PM,False,Project work. If not accepted: portfolio projects + Stages 5-6.,,False
Review + notes,06/14/2027,9:00 PM,06/14/2027,9:30 PM,False,"One page: new patterns, mistakes, tricks. Update templates.",,False
GSoC Stage 5-6: LLM Apps + Agents,06/15/2027,5:30 AM,06/15/2027,8:00 AM,False,"Prompt Eng, RAG, AI Engineering, Agents/MCP, LLMOps. Coding period is the priority.",,False
GSoC project coding,06/15/2027,4:00 PM,06/15/2027,6:30 PM,False,Milestone work + tests + docs. Weekly mentor sync. 1 contest/week only.,,False
GSoC coding,06/15/2027,7:00 PM,06/15/2027,9:00 PM,False,Project work. If not accepted: portfolio projects + Stages 5-6.,,False
Review + notes,06/15/2027,9:00 PM,06/15/2027,9:30 PM,False,"One page: new patterns, mistakes, tricks. Update templates.",,False
GSoC Stage 5-6: LLM Apps + Agents,06/16/2027,5:30 AM,06/16/2027,8:00 AM,False,"Prompt Eng, RAG, AI Engineering, Agents/MCP, LLMOps. Coding period is the priority.",,False
GSoC project coding,06/16/2027,4:00 PM,06/16/2027,6:30 PM,False,Milestone work + tests + docs. Weekly mentor sync. 1 contest/week only.,,False
CodeChef Starters (only contest this week),06/16/2027,7:00 PM,06/16/2027,9:00 PM,False,Wed 20:00 IST — keeps you warm.,,False
Review + notes,06/16/2027,9:00 PM,06/16/2027,9:30 PM,False,"One page: new patterns, mistakes, tricks. Update templates.",,False
GSoC Stage 5-6: LLM Apps + Agents,06/17/2027,5:30 AM,06/17/2027,8:00 AM,False,"Prompt Eng, RAG, AI Engineering, Agents/MCP, LLMOps. Coding period is the priority.",,False
GSoC project coding,06/17/2027,4:00 PM,06/17/2027,6:30 PM,False,Milestone work + tests + docs. Weekly mentor sync. 1 contest/week only.,,False
GSoC coding,06/17/2027,7:00 PM,06/17/2027,9:00 PM,False,Project work. If not accepted: portfolio projects + Stages 5-6.,,False
Review + notes,06/17/2027,9:00 PM,06/17/2027,9:30 PM,False,"One page: new patterns, mistakes, tricks. Update templates.",,False
GSoC Stage 5-6: LLM Apps + Agents,06/18/2027,5:30 AM,06/18/2027,8:00 AM,False,"Prompt Eng, RAG, AI Engineering, Agents/MCP, LLMOps. Coding period is the priority.",,False
GSoC project coding,06/18/2027,4:00 PM,06/18/2027,6:30 PM,False,Milestone work + tests + docs. Weekly mentor sync. 1 contest/week only.,,False
GSoC coding,06/18/2027,7:00 PM,06/18/2027,9:00 PM,False,Project work. If not accepted: portfolio projects + Stages 5-6.,,False
Review + notes,06/18/2027,9:00 PM,06/18/2027,9:30 PM,False,"One page: new patterns, mistakes, tricks. Update templates.",,False
GSoC Stage 5-6 books,06/19/2027,8:00 AM,06/19/2027,10:30 AM,False,"LLM Apps, Agents, LLMOps.",,False
GSoC coding,06/19/2027,10:30 AM,06/19/2027,1:00 PM,False,Milestone work.,,False
GSoC coding,06/19/2027,1:00 PM,06/19/2027,4:00 PM,False,Milestone work + tests.,,False
AtCoder ABC (only contest),06/19/2027,5:30 PM,06/19/2027,8:30 PM,False,Keeps you warm.,,False
GSoC Stage 5-6 books,06/20/2027,8:00 AM,06/20/2027,10:30 AM,False,"LLM Apps, Agents, LLMOps.",,False
GSoC coding,06/20/2027,10:30 AM,06/20/2027,1:00 PM,False,Milestone work.,,False
GSoC coding,06/20/2027,1:00 PM,06/20/2027,4:00 PM,False,Milestone work + tests.,,False
GSoC coding,06/20/2027,4:30 PM,06/20/2027,7:30 PM,False,Milestone work.,,False
Weekly review + tracker update,06/20/2027,9:30 PM,06/20/2027,10:00 PM,False,GSoC milestone progress.,,False
GSoC Stage 5-6: LLM Apps + Agents,06/21/2027,5:30 AM,06/21/2027,8:00 AM,False,"Prompt Eng, RAG, AI Engineering, Agents/MCP, LLMOps. Coding period is the priority.",,False
GSoC project coding,06/21/2027,4:00 PM,06/21/2027,6:30 PM,False,Milestone work + tests + docs. Weekly mentor sync. 1 contest/week only.,,False
GSoC coding,06/21/2027,7:00 PM,06/21/2027,9:00 PM,False,Project work. If not accepted: portfolio projects + Stages 5-6.,,False
Review + notes,06/21/2027,9:00 PM,06/21/2027,9:30 PM,False,"One page: new patterns, mistakes, tricks. Update templates.",,False
GSoC Stage 5-6: LLM Apps + Agents,06/22/2027,5:30 AM,06/22/2027,8:00 AM,False,"Prompt Eng, RAG, AI Engineering, Agents/MCP, LLMOps. Coding period is the priority.",,False
GSoC project coding,06/22/2027,4:00 PM,06/22/2027,6:30 PM,False,Milestone work + tests + docs. Weekly mentor sync. 1 contest/week only.,,False
GSoC coding,06/22/2027,7:00 PM,06/22/2027,9:00 PM,False,Project work. If not accepted: portfolio projects + Stages 5-6.,,False
Review + notes,06/22/2027,9:00 PM,06/22/2027,9:30 PM,False,"One page: new patterns, mistakes, tricks. Update templates.",,False
GSoC Stage 5-6: LLM Apps + Agents,06/23/2027,5:30 AM,06/23/2027,8:00 AM,False,"Prompt Eng, RAG, AI Engineering, Agents/MCP, LLMOps. Coding period is the priority.",,False
GSoC project coding,06/23/2027,4:00 PM,06/23/2027,6:30 PM,False,Milestone work + tests + docs. Weekly mentor sync. 1 contest/week only.,,False
CodeChef Starters (only contest this week),06/23/2027,7:00 PM,06/23/2027,9:00 PM,False,Wed 20:00 IST — keeps you warm.,,False
Review + notes,06/23/2027,9:00 PM,06/23/2027,9:30 PM,False,"One page: new patterns, mistakes, tricks. Update templates.",,False
GSoC Stage 5-6: LLM Apps + Agents,06/24/2027,5:30 AM,06/24/2027,8:00 AM,False,"Prompt Eng, RAG, AI Engineering, Agents/MCP, LLMOps. Coding period is the priority.",,False
GSoC project coding,06/24/2027,4:00 PM,06/24/2027,6:30 PM,False,Milestone work + tests + docs. Weekly mentor sync. 1 contest/week only.,,False
GSoC coding,06/24/2027,7:00 PM,06/24/2027,9:00 PM,False,Project work. If not accepted: portfolio projects + Stages 5-6.,,False
Review + notes,06/24/2027,9:00 PM,06/24/2027,9:30 PM,False,"One page: new patterns, mistakes, tricks. Update templates.",,False
GSoC Stage 5-6: LLM Apps + Agents,06/25/2027,5:30 AM,06/25/2027,8:00 AM,False,"Prompt Eng, RAG, AI Engineering, Agents/MCP, LLMOps. Coding period is the priority.",,False
GSoC project coding,06/25/2027,4:00 PM,06/25/2027,6:30 PM,False,Milestone work + tests + docs. Weekly mentor sync. 1 contest/week only.,,False
GSoC coding,06/25/2027,7:00 PM,06/25/2027,9:00 PM,False,Project work. If not accepted: portfolio projects + Stages 5-6.,,False
Review + notes,06/25/2027,9:00 PM,06/25/2027,9:30 PM,False,"One page: new patterns, mistakes, tricks. Update templates.",,False
GSoC Stage 5-6 books,06/26/2027,8:00 AM,06/26/2027,10:30 AM,False,"LLM Apps, Agents, LLMOps.",,False
GSoC coding,06/26/2027,10:30 AM,06/26/2027,1:00 PM,False,Milestone work.,,False
GSoC coding,06/26/2027,1:00 PM,06/26/2027,4:00 PM,False,Milestone work + tests.,,False
AtCoder ABC (only contest),06/26/2027,5:30 PM,06/26/2027,8:30 PM,False,Keeps you warm.,,False
GSoC Stage 5-6 books,06/27/2027,8:00 AM,06/27/2027,10:30 AM,False,"LLM Apps, Agents, LLMOps.",,False
GSoC coding,06/27/2027,10:30 AM,06/27/2027,1:00 PM,False,Milestone work.,,False
GSoC coding,06/27/2027,1:00 PM,06/27/2027,4:00 PM,False,Milestone work + tests.,,False
GSoC coding,06/27/2027,4:30 PM,06/27/2027,7:30 PM,False,Milestone work.,,False
Weekly review + tracker update,06/27/2027,9:30 PM,06/27/2027,10:00 PM,False,GSoC milestone progress.,,False
GSoC Stage 5-6: LLM Apps + Agents,06/28/2027,5:30 AM,06/28/2027,8:00 AM,False,"Prompt Eng, RAG, AI Engineering, Agents/MCP, LLMOps. Coding period is the priority.",,False
GSoC project coding,06/28/2027,4:00 PM,06/28/2027,6:30 PM,False,Milestone work + tests + docs. Weekly mentor sync. 1 contest/week only.,,False
GSoC coding,06/28/2027,7:00 PM,06/28/2027,9:00 PM,False,Project work. If not accepted: portfolio projects + Stages 5-6.,,False
Review + notes,06/28/2027,9:00 PM,06/28/2027,9:30 PM,False,"One page: new patterns, mistakes, tricks. Update templates.",,False
GSoC Stage 5-6: LLM Apps + Agents,06/29/2027,5:30 AM,06/29/2027,8:00 AM,False,"Prompt Eng, RAG, AI Engineering, Agents/MCP, LLMOps. Coding period is the priority.",,False
GSoC project coding,06/29/2027,4:00 PM,06/29/2027,6:30 PM,False,Milestone work + tests + docs. Weekly mentor sync. 1 contest/week only.,,False
GSoC coding,06/29/2027,7:00 PM,06/29/2027,9:00 PM,False,Project work. If not accepted: portfolio projects + Stages 5-6.,,False
Review + notes,06/29/2027,9:00 PM,06/29/2027,9:30 PM,False,"One page: new patterns, mistakes, tricks. Update templates.",,False
GSoC Stage 5-6: LLM Apps + Agents,06/30/2027,5:30 AM,06/30/2027,8:00 AM,False,"Prompt Eng, RAG, AI Engineering, Agents/MCP, LLMOps. Coding period is the priority.",,False
GSoC project coding,06/30/2027,4:00 PM,06/30/2027,6:30 PM,False,Milestone work + tests + docs. Weekly mentor sync. 1 contest/week only.,,False
CodeChef Starters (only contest this week),06/30/2027,7:00 PM,06/30/2027,9:00 PM,False,Wed 20:00 IST — keeps you warm.,,False
Review + notes,06/30/2027,9:00 PM,06/30/2027,9:30 PM,False,"One page: new patterns, mistakes, tricks. Update templates.",,False
GSoC Stage 5-6: LLM Apps + Agents,07/01/2027,5:30 AM,07/01/2027,8:00 AM,False,"Prompt Eng, RAG, AI Engineering, Agents/MCP, LLMOps. Coding period is the priority.",,False
GSoC project coding,07/01/2027,4:00 PM,07/01/2027,6:30 PM,False,Milestone work + tests + docs. Weekly mentor sync. 1 contest/week only.,,False
GSoC coding,07/01/2027,7:00 PM,07/01/2027,9:00 PM,False,Project work. If not accepted: portfolio projects + Stages 5-6.,,False
Review + notes,07/01/2027,9:00 PM,07/01/2027,9:30 PM,False,"One page: new patterns, mistakes, tricks. Update templates.",,False
GSoC Stage 5-6: LLM Apps + Agents,07/02/2027,5:30 AM,07/02/2027,8:00 AM,False,"Prompt Eng, RAG, AI Engineering, Agents/MCP, LLMOps. Coding period is the priority.",,False
GSoC project coding,07/02/2027,4:00 PM,07/02/2027,6:30 PM,False,Milestone work + tests + docs. Weekly mentor sync. 1 contest/week only.,,False
GSoC coding,07/02/2027,7:00 PM,07/02/2027,9:00 PM,False,Project work. If not accepted: portfolio projects + Stages 5-6.,,False
Review + notes,07/02/2027,9:00 PM,07/02/2027,9:30 PM,False,"One page: new patterns, mistakes, tricks. Update templates.",,False
GSoC Stage 5-6 books,07/03/2027,8:00 AM,07/03/2027,10:30 AM,False,"LLM Apps, Agents, LLMOps.",,False
GSoC coding,07/03/2027,10:30 AM,07/03/2027,1:00 PM,False,Milestone work.,,False
GSoC coding,07/03/2027,1:00 PM,07/03/2027,4:00 PM,False,Milestone work + tests.,,False
AtCoder ABC (only contest),07/03/2027,5:30 PM,07/03/2027,8:30 PM,False,Keeps you warm.,,False
GSoC Stage 5-6 books,07/04/2027,8:00 AM,07/04/2027,10:30 AM,False,"LLM Apps, Agents, LLMOps.",,False
GSoC coding,07/04/2027,10:30 AM,07/04/2027,1:00 PM,False,Milestone work.,,False
GSoC coding,07/04/2027,1:00 PM,07/04/2027,4:00 PM,False,Milestone work + tests.,,False
GSoC coding,07/04/2027,4:30 PM,07/04/2027,7:30 PM,False,Milestone work.,,False
Weekly review + tracker update,07/04/2027,9:30 PM,07/04/2027,10:00 PM,False,GSoC milestone progress.,,False
GSoC Stage 5-6: LLM Apps + Agents,07/05/2027,5:30 AM,07/05/2027,8:00 AM,False,"Prompt Eng, RAG, AI Engineering, Agents/MCP, LLMOps. Coding period is the priority.",,False
GSoC project coding,07/05/2027,4:00 PM,07/05/2027,6:30 PM,False,Milestone work + tests + docs. Weekly mentor sync. 1 contest/week only.,,False
GSoC coding,07/05/2027,7:00 PM,07/05/2027,9:00 PM,False,Project work. If not accepted: portfolio projects + Stages 5-6.,,False
Review + notes,07/05/2027,9:00 PM,07/05/2027,9:30 PM,False,"One page: new patterns, mistakes, tricks. Update templates.",,False
GSoC Stage 5-6: LLM Apps + Agents,07/06/2027,5:30 AM,07/06/2027,8:00 AM,False,"Prompt Eng, RAG, AI Engineering, Agents/MCP, LLMOps. Coding period is the priority.",,False
GSoC project coding,07/06/2027,4:00 PM,07/06/2027,6:30 PM,False,Milestone work + tests + docs. Weekly mentor sync. 1 contest/week only.,,False
GSoC coding,07/06/2027,7:00 PM,07/06/2027,9:00 PM,False,Project work. If not accepted: portfolio projects + Stages 5-6.,,False
Review + notes,07/06/2027,9:00 PM,07/06/2027,9:30 PM,False,"One page: new patterns, mistakes, tricks. Update templates.",,False
GSoC Stage 5-6: LLM Apps + Agents,07/07/2027,5:30 AM,07/07/2027,8:00 AM,False,"Prompt Eng, RAG, AI Engineering, Agents/MCP, LLMOps. Coding period is the priority.",,False
GSoC project coding,07/07/2027,4:00 PM,07/07/2027,6:30 PM,False,Milestone work + tests + docs. Weekly mentor sync. 1 contest/week only.,,False
CodeChef Starters (only contest this week),07/07/2027,7:00 PM,07/07/2027,9:00 PM,False,Wed 20:00 IST — keeps you warm.,,False
Review + notes,07/07/2027,9:00 PM,07/07/2027,9:30 PM,False,"One page: new patterns, mistakes, tricks. Update templates.",,False
GSoC Stage 5-6: LLM Apps + Agents,07/08/2027,5:30 AM,07/08/2027,8:00 AM,False,"Prompt Eng, RAG, AI Engineering, Agents/MCP, LLMOps. Coding period is the priority.",,False
GSoC project coding,07/08/2027,4:00 PM,07/08/2027,6:30 PM,False,Milestone work + tests + docs. Weekly mentor sync. 1 contest/week only.,,False
GSoC coding,07/08/2027,7:00 PM,07/08/2027,9:00 PM,False,Project work. If not accepted: portfolio projects + Stages 5-6.,,False
Review + notes,07/08/2027,9:00 PM,07/08/2027,9:30 PM,False,"One page: new patterns, mistakes, tricks. Update templates.",,False
GSoC Stage 5-6: LLM Apps + Agents,07/09/2027,5:30 AM,07/09/2027,8:00 AM,False,"Prompt Eng, RAG, AI Engineering, Agents/MCP, LLMOps. Coding period is the priority.",,False
GSoC project coding,07/09/2027,4:00 PM,07/09/2027,6:30 PM,False,Milestone work + tests + docs. Weekly mentor sync. 1 contest/week only.,,False
GSoC coding,07/09/2027,7:00 PM,07/09/2027,9:00 PM,False,Project work. If not accepted: portfolio projects + Stages 5-6.,,False
Review + notes,07/09/2027,9:00 PM,07/09/2027,9:30 PM,False,"One page: new patterns, mistakes, tricks. Update templates.",,False
GSoC Stage 5-6 books,07/10/2027,8:00 AM,07/10/2027,10:30 AM,False,"LLM Apps, Agents, LLMOps.",,False
GSoC coding,07/10/2027,10:30 AM,07/10/2027,1:00 PM,False,Milestone work.,,False
GSoC coding,07/10/2027,1:00 PM,07/10/2027,4:00 PM,False,Milestone work + tests.,,False
AtCoder ABC (only contest),07/10/2027,5:30 PM,07/10/2027,8:30 PM,False,Keeps you warm.,,False
GSoC Stage 5-6 books,07/11/2027,8:00 AM,07/11/2027,10:30 AM,False,"LLM Apps, Agents, LLMOps.",,False
GSoC coding,07/11/2027,10:30 AM,07/11/2027,1:00 PM,False,Milestone work.,,False
GSoC coding,07/11/2027,1:00 PM,07/11/2027,4:00 PM,False,Milestone work + tests.,,False
GSoC coding,07/11/2027,4:30 PM,07/11/2027,7:30 PM,False,Milestone work.,,False
Weekly review + tracker update,07/11/2027,9:30 PM,07/11/2027,10:00 PM,False,GSoC milestone progress.,,False
GSoC Stage 5-6: LLM Apps + Agents,07/12/2027,5:30 AM,07/12/2027,8:00 AM,False,"Prompt Eng, RAG, AI Engineering, Agents/MCP, LLMOps. Coding period is the priority.",,False
GSoC project coding,07/12/2027,4:00 PM,07/12/2027,6:30 PM,False,Milestone work + tests + docs. Weekly mentor sync. 1 contest/week only.,,False
GSoC coding,07/12/2027,7:00 PM,07/12/2027,9:00 PM,False,Project work. If not accepted: portfolio projects + Stages 5-6.,,False
Review + notes,07/12/2027,9:00 PM,07/12/2027,9:30 PM,False,"One page: new patterns, mistakes, tricks. Update templates.",,False
GSoC Stage 5-6: LLM Apps + Agents,07/13/2027,5:30 AM,07/13/2027,8:00 AM,False,"Prompt Eng, RAG, AI Engineering, Agents/MCP, LLMOps. Coding period is the priority.",,False
GSoC project coding,07/13/2027,4:00 PM,07/13/2027,6:30 PM,False,Milestone work + tests + docs. Weekly mentor sync. 1 contest/week only.,,False
GSoC coding,07/13/2027,7:00 PM,07/13/2027,9:00 PM,False,Project work. If not accepted: portfolio projects + Stages 5-6.,,False
Review + notes,07/13/2027,9:00 PM,07/13/2027,9:30 PM,False,"One page: new patterns, mistakes, tricks. Update templates.",,False
GSoC Stage 5-6: LLM Apps + Agents,07/14/2027,5:30 AM,07/14/2027,8:00 AM,False,"Prompt Eng, RAG, AI Engineering, Agents/MCP, LLMOps. Coding period is the priority.",,False
GSoC project coding,07/14/2027,4:00 PM,07/14/2027,6:30 PM,False,Milestone work + tests + docs. Weekly mentor sync. 1 contest/week only.,,False
CodeChef Starters (only contest this week),07/14/2027,7:00 PM,07/14/2027,9:00 PM,False,Wed 20:00 IST — keeps you warm.,,False
Review + notes,07/14/2027,9:00 PM,07/14/2027,9:30 PM,False,"One page: new patterns, mistakes, tricks. Update templates.",,False
GSoC Stage 5-6: LLM Apps + Agents,07/15/2027,5:30 AM,07/15/2027,8:00 AM,False,"Prompt Eng, RAG, AI Engineering, Agents/MCP, LLMOps. Coding period is the priority.",,False
GSoC project coding,07/15/2027,4:00 PM,07/15/2027,6:30 PM,False,Milestone work + tests + docs. Weekly mentor sync. 1 contest/week only.,,False
GSoC coding,07/15/2027,7:00 PM,07/15/2027,9:00 PM,False,Project work. If not accepted: portfolio projects + Stages 5-6.,,False
Review + notes,07/15/2027,9:00 PM,07/15/2027,9:30 PM,False,"One page: new patterns, mistakes, tricks. Update templates.",,False
GSoC Stage 5-6: LLM Apps + Agents,07/16/2027,5:30 AM,07/16/2027,8:00 AM,False,"Prompt Eng, RAG, AI Engineering, Agents/MCP, LLMOps. Coding period is the priority.",,False
GSoC project coding,07/16/2027,4:00 PM,07/16/2027,6:30 PM,False,Milestone work + tests + docs. Weekly mentor sync. 1 contest/week only.,,False
GSoC coding,07/16/2027,7:00 PM,07/16/2027,9:00 PM,False,Project work. If not accepted: portfolio projects + Stages 5-6.,,False
Review + notes,07/16/2027,9:00 PM,07/16/2027,9:30 PM,False,"One page: new patterns, mistakes, tricks. Update templates.",,False
GSoC Stage 5-6 books,07/17/2027,8:00 AM,07/17/2027,10:30 AM,False,"LLM Apps, Agents, LLMOps.",,False
GSoC coding,07/17/2027,10:30 AM,07/17/2027,1:00 PM,False,Milestone work.,,False
GSoC coding,07/17/2027,1:00 PM,07/17/2027,4:00 PM,False,Milestone work + tests.,,False
AtCoder ABC (only contest),07/17/2027,5:30 PM,07/17/2027,8:30 PM,False,Keeps you warm.,,False
GSoC Stage 5-6 books,07/18/2027,8:00 AM,07/18/2027,10:30 AM,False,"LLM Apps, Agents, LLMOps.",,False
GSoC coding,07/18/2027,10:30 AM,07/18/2027,1:00 PM,False,Milestone work.,,False
GSoC coding,07/18/2027,1:00 PM,07/18/2027,4:00 PM,False,Milestone work + tests.,,False
GSoC coding,07/18/2027,4:30 PM,07/18/2027,7:30 PM,False,Milestone work.,,False
Weekly review + tracker update,07/18/2027,9:30 PM,07/18/2027,10:00 PM,False,GSoC milestone progress.,,False
GSoC Stage 5-6: LLM Apps + Agents,07/19/2027,5:30 AM,07/19/2027,8:00 AM,False,"Prompt Eng, RAG, AI Engineering, Agents/MCP, LLMOps. Coding period is the priority.",,False
GSoC project coding,07/19/2027,4:00 PM,07/19/2027,6:30 PM,False,Milestone work + tests + docs. Weekly mentor sync. 1 contest/week only.,,False
GSoC coding,07/19/2027,7:00 PM,07/19/2027,9:00 PM,False,Project work. If not accepted: portfolio projects + Stages 5-6.,,False
Review + notes,07/19/2027,9:00 PM,07/19/2027,9:30 PM,False,"One page: new patterns, mistakes, tricks. Update templates.",,False
GSoC Stage 5-6: LLM Apps + Agents,07/20/2027,5:30 AM,07/20/2027,8:00 AM,False,"Prompt Eng, RAG, AI Engineering, Agents/MCP, LLMOps. Coding period is the priority.",,False
GSoC project coding,07/20/2027,4:00 PM,07/20/2027,6:30 PM,False,Milestone work + tests + docs. Weekly mentor sync. 1 contest/week only.,,False
GSoC coding,07/20/2027,7:00 PM,07/20/2027,9:00 PM,False,Project work. If not accepted: portfolio projects + Stages 5-6.,,False
Review + notes,07/20/2027,9:00 PM,07/20/2027,9:30 PM,False,"One page: new patterns, mistakes, tricks. Update templates.",,False
GSoC Stage 5-6: LLM Apps + Agents,07/21/2027,5:30 AM,07/21/2027,8:00 AM,False,"Prompt Eng, RAG, AI Engineering, Agents/MCP, LLMOps. Coding period is the priority.",,False
GSoC project coding,07/21/2027,4:00 PM,07/21/2027,6:30 PM,False,Milestone work + tests + docs. Weekly mentor sync. 1 contest/week only.,,False
CodeChef Starters (only contest this week),07/21/2027,7:00 PM,07/21/2027,9:00 PM,False,Wed 20:00 IST — keeps you warm.,,False
Review + notes,07/21/2027,9:00 PM,07/21/2027,9:30 PM,False,"One page: new patterns, mistakes, tricks. Update templates.",,False
GSoC Stage 5-6: LLM Apps + Agents,07/22/2027,5:30 AM,07/22/2027,8:00 AM,False,"Prompt Eng, RAG, AI Engineering, Agents/MCP, LLMOps. Coding period is the priority.",,False
GSoC project coding,07/22/2027,4:00 PM,07/22/2027,6:30 PM,False,Milestone work + tests + docs. Weekly mentor sync. 1 contest/week only.,,False
GSoC coding,07/22/2027,7:00 PM,07/22/2027,9:00 PM,False,Project work. If not accepted: portfolio projects + Stages 5-6.,,False
Review + notes,07/22/2027,9:00 PM,07/22/2027,9:30 PM,False,"One page: new patterns, mistakes, tricks. Update templates.",,False
GSoC Stage 5-6: LLM Apps + Agents,07/23/2027,5:30 AM,07/23/2027,8:00 AM,False,"Prompt Eng, RAG, AI Engineering, Agents/MCP, LLMOps. Coding period is the priority.",,False
GSoC project coding,07/23/2027,4:00 PM,07/23/2027,6:30 PM,False,Milestone work + tests + docs. Weekly mentor sync. 1 contest/week only.,,False
GSoC coding,07/23/2027,7:00 PM,07/23/2027,9:00 PM,False,Project work. If not accepted: portfolio projects + Stages 5-6.,,False
Review + notes,07/23/2027,9:00 PM,07/23/2027,9:30 PM,False,"One page: new patterns, mistakes, tricks. Update templates.",,False
GSoC Stage 5-6 books,07/24/2027,8:00 AM,07/24/2027,10:30 AM,False,"LLM Apps, Agents, LLMOps.",,False
GSoC coding,07/24/2027,10:30 AM,07/24/2027,1:00 PM,False,Milestone work.,,False
GSoC coding,07/24/2027,1:00 PM,07/24/2027,4:00 PM,False,Milestone work + tests.,,False
AtCoder ABC (only contest),07/24/2027,5:30 PM,07/24/2027,8:30 PM,False,Keeps you warm.,,False
GSoC Stage 5-6 books,07/25/2027,8:00 AM,07/25/2027,10:30 AM,False,"LLM Apps, Agents, LLMOps.",,False
GSoC coding,07/25/2027,10:30 AM,07/25/2027,1:00 PM,False,Milestone work.,,False
GSoC coding,07/25/2027,1:00 PM,07/25/2027,4:00 PM,False,Milestone work + tests.,,False
GSoC coding,07/25/2027,4:30 PM,07/25/2027,7:30 PM,False,Milestone work.,,False
Weekly review + tracker update,07/25/2027,9:30 PM,07/25/2027,10:00 PM,False,GSoC milestone progress.,,False
GSoC Stage 5-6: LLM Apps + Agents,07/26/2027,5:30 AM,07/26/2027,8:00 AM,False,"Prompt Eng, RAG, AI Engineering, Agents/MCP, LLMOps. Coding period is the priority.",,False
GSoC project coding,07/26/2027,4:00 PM,07/26/2027,6:30 PM,False,Milestone work + tests + docs. Weekly mentor sync. 1 contest/week only.,,False
GSoC coding,07/26/2027,7:00 PM,07/26/2027,9:00 PM,False,Project work. If not accepted: portfolio projects + Stages 5-6.,,False
Review + notes,07/26/2027,9:00 PM,07/26/2027,9:30 PM,False,"One page: new patterns, mistakes, tricks. Update templates.",,False
GSoC Stage 5-6: LLM Apps + Agents,07/27/2027,5:30 AM,07/27/2027,8:00 AM,False,"Prompt Eng, RAG, AI Engineering, Agents/MCP, LLMOps. Coding period is the priority.",,False
GSoC project coding,07/27/2027,4:00 PM,07/27/2027,6:30 PM,False,Milestone work + tests + docs. Weekly mentor sync. 1 contest/week only.,,False
GSoC coding,07/27/2027,7:00 PM,07/27/2027,9:00 PM,False,Project work. If not accepted: portfolio projects + Stages 5-6.,,False
Review + notes,07/27/2027,9:00 PM,07/27/2027,9:30 PM,False,"One page: new patterns, mistakes, tricks. Update templates.",,False
GSoC Stage 5-6: LLM Apps + Agents,07/28/2027,5:30 AM,07/28/2027,8:00 AM,False,"Prompt Eng, RAG, AI Engineering, Agents/MCP, LLMOps. Coding period is the priority.",,False
GSoC project coding,07/28/2027,4:00 PM,07/28/2027,6:30 PM,False,Milestone work + tests + docs. Weekly mentor sync. 1 contest/week only.,,False
CodeChef Starters (only contest this week),07/28/2027,7:00 PM,07/28/2027,9:00 PM,False,Wed 20:00 IST — keeps you warm.,,False
Review + notes,07/28/2027,9:00 PM,07/28/2027,9:30 PM,False,"One page: new patterns, mistakes, tricks. Update templates.",,False
GSoC Stage 5-6: LLM Apps + Agents,07/29/2027,5:30 AM,07/29/2027,8:00 AM,False,"Prompt Eng, RAG, AI Engineering, Agents/MCP, LLMOps. Coding period is the priority.",,False
GSoC project coding,07/29/2027,4:00 PM,07/29/2027,6:30 PM,False,Milestone work + tests + docs. Weekly mentor sync. 1 contest/week only.,,False
GSoC coding,07/29/2027,7:00 PM,07/29/2027,9:00 PM,False,Project work. If not accepted: portfolio projects + Stages 5-6.,,False
Review + notes,07/29/2027,9:00 PM,07/29/2027,9:30 PM,False,"One page: new patterns, mistakes, tricks. Update templates.",,False
GSoC Stage 5-6: LLM Apps + Agents,07/30/2027,5:30 AM,07/30/2027,8:00 AM,False,"Prompt Eng, RAG, AI Engineering, Agents/MCP, LLMOps. Coding period is the priority.",,False
GSoC project coding,07/30/2027,4:00 PM,07/30/2027,6:30 PM,False,Milestone work + tests + docs. Weekly mentor sync. 1 contest/week only.,,False
GSoC coding,07/30/2027,7:00 PM,07/30/2027,9:00 PM,False,Project work. If not accepted: portfolio projects + Stages 5-6.,,False
Review + notes,07/30/2027,9:00 PM,07/30/2027,9:30 PM,False,"One page: new patterns, mistakes, tricks. Update templates.",,False
GSoC Stage 5-6 books,07/31/2027,8:00 AM,07/31/2027,10:30 AM,False,"LLM Apps, Agents, LLMOps.",,False
GSoC coding,07/31/2027,10:30 AM,07/31/2027,1:00 PM,False,Milestone work.,,False
GSoC coding,07/31/2027,1:00 PM,07/31/2027,4:00 PM,False,Milestone work + tests.,,False
AtCoder ABC (only contest),07/31/2027,5:30 PM,07/31/2027,8:30 PM,False,Keeps you warm.,,False
GSoC Stage 5-6 books,08/01/2027,8:00 AM,08/01/2027,10:30 AM,False,"LLM Apps, Agents, LLMOps.",,False
GSoC coding,08/01/2027,10:30 AM,08/01/2027,1:00 PM,False,Milestone work.,,False
GSoC coding,08/01/2027,1:00 PM,08/01/2027,4:00 PM,False,Milestone work + tests.,,False
GSoC coding,08/01/2027,4:30 PM,08/01/2027,7:30 PM,False,Milestone work.,,False
Weekly review + tracker update,08/01/2027,9:30 PM,08/01/2027,10:00 PM,False,GSoC milestone progress.,,False
GSoC Stage 5-6: LLM Apps + Agents,08/02/2027,5:30 AM,08/02/2027,8:00 AM,False,"Prompt Eng, RAG, AI Engineering, Agents/MCP, LLMOps. Coding period is the priority.",,False
GSoC project coding,08/02/2027,4:00 PM,08/02/2027,6:30 PM,False,Milestone work + tests + docs. Weekly mentor sync. 1 contest/week only.,,False
GSoC coding,08/02/2027,7:00 PM,08/02/2027,9:00 PM,False,Project work. If not accepted: portfolio projects + Stages 5-6.,,False
Review + notes,08/02/2027,9:00 PM,08/02/2027,9:30 PM,False,"One page: new patterns, mistakes, tricks. Update templates.",,False
GSoC Stage 5-6: LLM Apps + Agents,08/03/2027,5:30 AM,08/03/2027,8:00 AM,False,"Prompt Eng, RAG, AI Engineering, Agents/MCP, LLMOps. Coding period is the priority.",,False
GSoC project coding,08/03/2027,4:00 PM,08/03/2027,6:30 PM,False,Milestone work + tests + docs. Weekly mentor sync. 1 contest/week only.,,False
GSoC coding,08/03/2027,7:00 PM,08/03/2027,9:00 PM,False,Project work. If not accepted: portfolio projects + Stages 5-6.,,False
Review + notes,08/03/2027,9:00 PM,08/03/2027,9:30 PM,False,"One page: new patterns, mistakes, tricks. Update templates.",,False
GSoC Stage 5-6: LLM Apps + Agents,08/04/2027,5:30 AM,08/04/2027,8:00 AM,False,"Prompt Eng, RAG, AI Engineering, Agents/MCP, LLMOps. Coding period is the priority.",,False
GSoC project coding,08/04/2027,4:00 PM,08/04/2027,6:30 PM,False,Milestone work + tests + docs. Weekly mentor sync. 1 contest/week only.,,False
CodeChef Starters (only contest this week),08/04/2027,7:00 PM,08/04/2027,9:00 PM,False,Wed 20:00 IST — keeps you warm.,,False
Review + notes,08/04/2027,9:00 PM,08/04/2027,9:30 PM,False,"One page: new patterns, mistakes, tricks. Update templates.",,False
GSoC Stage 5-6: LLM Apps + Agents,08/05/2027,5:30 AM,08/05/2027,8:00 AM,False,"Prompt Eng, RAG, AI Engineering, Agents/MCP, LLMOps. Coding period is the priority.",,False
GSoC project coding,08/05/2027,4:00 PM,08/05/2027,6:30 PM,False,Milestone work + tests + docs. Weekly mentor sync. 1 contest/week only.,,False
GSoC coding,08/05/2027,7:00 PM,08/05/2027,9:00 PM,False,Project work. If not accepted: portfolio projects + Stages 5-6.,,False
Review + notes,08/05/2027,9:00 PM,08/05/2027,9:30 PM,False,"One page: new patterns, mistakes, tricks. Update templates.",,False
GSoC Stage 5-6: LLM Apps + Agents,08/06/2027,5:30 AM,08/06/2027,8:00 AM,False,"Prompt Eng, RAG, AI Engineering, Agents/MCP, LLMOps. Coding period is the priority.",,False
GSoC project coding,08/06/2027,4:00 PM,08/06/2027,6:30 PM,False,Milestone work + tests + docs. Weekly mentor sync. 1 contest/week only.,,False
GSoC coding,08/06/2027,7:00 PM,08/06/2027,9:00 PM,False,Project work. If not accepted: portfolio projects + Stages 5-6.,,False
Review + notes,08/06/2027,9:00 PM,08/06/2027,9:30 PM,False,"One page: new patterns, mistakes, tricks. Update templates.",,False
GSoC Stage 5-6 books,08/07/2027,8:00 AM,08/07/2027,10:30 AM,False,"LLM Apps, Agents, LLMOps.",,False
GSoC coding,08/07/2027,10:30 AM,08/07/2027,1:00 PM,False,Milestone work.,,False
GSoC coding,08/07/2027,1:00 PM,08/07/2027,4:00 PM,False,Milestone work + tests.,,False
AtCoder ABC (only contest),08/07/2027,5:30 PM,08/07/2027,8:30 PM,False,Keeps you warm.,,False
GSoC Stage 5-6 books,08/08/2027,8:00 AM,08/08/2027,10:30 AM,False,"LLM Apps, Agents, LLMOps.",,False
GSoC coding,08/08/2027,10:30 AM,08/08/2027,1:00 PM,False,Milestone work.,,False
GSoC coding,08/08/2027,1:00 PM,08/08/2027,4:00 PM,False,Milestone work + tests.,,False
GSoC coding,08/08/2027,4:30 PM,08/08/2027,7:30 PM,False,Milestone work.,,False
Weekly review + tracker update,08/08/2027,9:30 PM,08/08/2027,10:00 PM,False,GSoC milestone progress.,,False
GSoC Stage 5-6: LLM Apps + Agents,08/09/2027,5:30 AM,08/09/2027,8:00 AM,False,"Prompt Eng, RAG, AI Engineering, Agents/MCP, LLMOps. Coding period is the priority.",,False
GSoC project coding,08/09/2027,4:00 PM,08/09/2027,6:30 PM,False,Milestone work + tests + docs. Weekly mentor sync. 1 contest/week only.,,False
GSoC coding,08/09/2027,7:00 PM,08/09/2027,9:00 PM,False,Project work. If not accepted: portfolio projects + Stages 5-6.,,False
Review + notes,08/09/2027,9:00 PM,08/09/2027,9:30 PM,False,"One page: new patterns, mistakes, tricks. Update templates.",,False
GSoC Stage 5-6: LLM Apps + Agents,08/10/2027,5:30 AM,08/10/2027,8:00 AM,False,"Prompt Eng, RAG, AI Engineering, Agents/MCP, LLMOps. Coding period is the priority.",,False
GSoC project coding,08/10/2027,4:00 PM,08/10/2027,6:30 PM,False,Milestone work + tests + docs. Weekly mentor sync. 1 contest/week only.,,False
GSoC coding,08/10/2027,7:00 PM,08/10/2027,9:00 PM,False,Project work. If not accepted: portfolio projects + Stages 5-6.,,False
Review + notes,08/10/2027,9:00 PM,08/10/2027,9:30 PM,False,"One page: new patterns, mistakes, tricks. Update templates.",,False
GSoC Stage 5-6: LLM Apps + Agents,08/11/2027,5:30 AM,08/11/2027,8:00 AM,False,"Prompt Eng, RAG, AI Engineering, Agents/MCP, LLMOps. Coding period is the priority.",,False
GSoC project coding,08/11/2027,4:00 PM,08/11/2027,6:30 PM,False,Milestone work + tests + docs. Weekly mentor sync. 1 contest/week only.,,False
CodeChef Starters (only contest this week),08/11/2027,7:00 PM,08/11/2027,9:00 PM,False,Wed 20:00 IST — keeps you warm.,,False
Review + notes,08/11/2027,9:00 PM,08/11/2027,9:30 PM,False,"One page: new patterns, mistakes, tricks. Update templates.",,False
GSoC Stage 5-6: LLM Apps + Agents,08/12/2027,5:30 AM,08/12/2027,8:00 AM,False,"Prompt Eng, RAG, AI Engineering, Agents/MCP, LLMOps. Coding period is the priority.",,False
GSoC project coding,08/12/2027,4:00 PM,08/12/2027,6:30 PM,False,Milestone work + tests + docs. Weekly mentor sync. 1 contest/week only.,,False
GSoC coding,08/12/2027,7:00 PM,08/12/2027,9:00 PM,False,Project work. If not accepted: portfolio projects + Stages 5-6.,,False
Review + notes,08/12/2027,9:00 PM,08/12/2027,9:30 PM,False,"One page: new patterns, mistakes, tricks. Update templates.",,False
GSoC Stage 5-6: LLM Apps + Agents,08/13/2027,5:30 AM,08/13/2027,8:00 AM,False,"Prompt Eng, RAG, AI Engineering, Agents/MCP, LLMOps. Coding period is the priority.",,False
GSoC project coding,08/13/2027,4:00 PM,08/13/2027,6:30 PM,False,Milestone work + tests + docs. Weekly mentor sync. 1 contest/week only.,,False
GSoC coding,08/13/2027,7:00 PM,08/13/2027,9:00 PM,False,Project work. If not accepted: portfolio projects + Stages 5-6.,,False
Review + notes,08/13/2027,9:00 PM,08/13/2027,9:30 PM,False,"One page: new patterns, mistakes, tricks. Update templates.",,False
GSoC Stage 5-6 books,08/14/2027,8:00 AM,08/14/2027,10:30 AM,False,"LLM Apps, Agents, LLMOps.",,False
GSoC coding,08/14/2027,10:30 AM,08/14/2027,1:00 PM,False,Milestone work.,,False
GSoC coding,08/14/2027,1:00 PM,08/14/2027,4:00 PM,False,Milestone work + tests.,,False
AtCoder ABC (only contest),08/14/2027,5:30 PM,08/14/2027,8:30 PM,False,Keeps you warm.,,False
GSoC Stage 5-6 books,08/15/2027,8:00 AM,08/15/2027,10:30 AM,False,"LLM Apps, Agents, LLMOps.",,False
GSoC coding,08/15/2027,10:30 AM,08/15/2027,1:00 PM,False,Milestone work.,,False
GSoC coding,08/15/2027,1:00 PM,08/15/2027,4:00 PM,False,Milestone work + tests.,,False
GSoC coding,08/15/2027,4:30 PM,08/15/2027,7:30 PM,False,Milestone work.,,False
Weekly review + tracker update,08/15/2027,9:30 PM,08/15/2027,10:00 PM,False,GSoC milestone progress.,,False
GSoC Stage 5-6: LLM Apps + Agents,08/16/2027,5:30 AM,08/16/2027,8:00 AM,False,"Prompt Eng, RAG, AI Engineering, Agents/MCP, LLMOps. Coding period is the priority.",,False
GSoC project coding,08/16/2027,4:00 PM,08/16/2027,6:30 PM,False,Milestone work + tests + docs. Weekly mentor sync. 1 contest/week only.,,False
GSoC coding,08/16/2027,7:00 PM,08/16/2027,9:00 PM,False,Project work. If not accepted: portfolio projects + Stages 5-6.,,False
Review + notes,08/16/2027,9:00 PM,08/16/2027,9:30 PM,False,"One page: new patterns, mistakes, tricks. Update templates.",,False
GSoC Stage 5-6: LLM Apps + Agents,08/17/2027,5:30 AM,08/17/2027,8:00 AM,False,"Prompt Eng, RAG, AI Engineering, Agents/MCP, LLMOps. Coding period is the priority.",,False
GSoC project coding,08/17/2027,4:00 PM,08/17/2027,6:30 PM,False,Milestone work + tests + docs. Weekly mentor sync. 1 contest/week only.,,False
GSoC coding,08/17/2027,7:00 PM,08/17/2027,9:00 PM,False,Project work. If not accepted: portfolio projects + Stages 5-6.,,False
Review + notes,08/17/2027,9:00 PM,08/17/2027,9:30 PM,False,"One page: new patterns, mistakes, tricks. Update templates.",,False
GSoC Stage 5-6: LLM Apps + Agents,08/18/2027,5:30 AM,08/18/2027,8:00 AM,False,"Prompt Eng, RAG, AI Engineering, Agents/MCP, LLMOps. Coding period is the priority.",,False
GSoC project coding,08/18/2027,4:00 PM,08/18/2027,6:30 PM,False,Milestone work + tests + docs. Weekly mentor sync. 1 contest/week only.,,False
CodeChef Starters (only contest this week),08/18/2027,7:00 PM,08/18/2027,9:00 PM,False,Wed 20:00 IST — keeps you warm.,,False
Review + notes,08/18/2027,9:00 PM,08/18/2027,9:30 PM,False,"One page: new patterns, mistakes, tricks. Update templates.",,False
GSoC Stage 5-6: LLM Apps + Agents,08/19/2027,5:30 AM,08/19/2027,8:00 AM,False,"Prompt Eng, RAG, AI Engineering, Agents/MCP, LLMOps. Coding period is the priority.",,False
GSoC project coding,08/19/2027,4:00 PM,08/19/2027,6:30 PM,False,Milestone work + tests + docs. Weekly mentor sync. 1 contest/week only.,,False
GSoC coding,08/19/2027,7:00 PM,08/19/2027,9:00 PM,False,Project work. If not accepted: portfolio projects + Stages 5-6.,,False
Review + notes,08/19/2027,9:00 PM,08/19/2027,9:30 PM,False,"One page: new patterns, mistakes, tricks. Update templates.",,False
GSoC Stage 5-6: LLM Apps + Agents,08/20/2027,5:30 AM,08/20/2027,8:00 AM,False,"Prompt Eng, RAG, AI Engineering, Agents/MCP, LLMOps. Coding period is the priority.",,False
GSoC project coding,08/20/2027,4:00 PM,08/20/2027,6:30 PM,False,Milestone work + tests + docs. Weekly mentor sync. 1 contest/week only.,,False
GSoC coding,08/20/2027,7:00 PM,08/20/2027,9:00 PM,False,Project work. If not accepted: portfolio projects + Stages 5-6.,,False
Review + notes,08/20/2027,9:00 PM,08/20/2027,9:30 PM,False,"One page: new patterns, mistakes, tricks. Update templates.",,False
GSoC Stage 5-6 books,08/21/2027,8:00 AM,08/21/2027,10:30 AM,False,"LLM Apps, Agents, LLMOps.",,False
GSoC coding,08/21/2027,10:30 AM,08/21/2027,1:00 PM,False,Milestone work.,,False
GSoC coding,08/21/2027,1:00 PM,08/21/2027,4:00 PM,False,Milestone work + tests.,,False
AtCoder ABC (only contest),08/21/2027,5:30 PM,08/21/2027,8:30 PM,False,Keeps you warm.,,False
GSoC Stage 5-6 books,08/22/2027,8:00 AM,08/22/2027,10:30 AM,False,"LLM Apps, Agents, LLMOps.",,False
GSoC coding,08/22/2027,10:30 AM,08/22/2027,1:00 PM,False,Milestone work.,,False
GSoC coding,08/22/2027,1:00 PM,08/22/2027,4:00 PM,False,Milestone work + tests.,,False
GSoC coding,08/22/2027,4:30 PM,08/22/2027,7:30 PM,False,Milestone work.,,False
Weekly review + tracker update,08/22/2027,9:30 PM,08/22/2027,10:00 PM,False,GSoC milestone progress.,,False
GSoC Stage 5-6: LLM Apps + Agents,08/23/2027,5:30 AM,08/23/2027,8:00 AM,False,"Prompt Eng, RAG, AI Engineering, Agents/MCP, LLMOps. Coding period is the priority.",,False
GSoC project coding,08/23/2027,4:00 PM,08/23/2027,6:30 PM,False,Milestone work + tests + docs. Weekly mentor sync. 1 contest/week only.,,False
GSoC coding,08/23/2027,7:00 PM,08/23/2027,9:00 PM,False,Project work. If not accepted: portfolio projects + Stages 5-6.,,False
Review + notes,08/23/2027,9:00 PM,08/23/2027,9:30 PM,False,"One page: new patterns, mistakes, tricks. Update templates.",,False
GSoC Stage 5-6: LLM Apps + Agents,08/24/2027,5:30 AM,08/24/2027,8:00 AM,False,"Prompt Eng, RAG, AI Engineering, Agents/MCP, LLMOps. Coding period is the priority.",,False
GSoC project coding,08/24/2027,4:00 PM,08/24/2027,6:30 PM,False,Milestone work + tests + docs. Weekly mentor sync. 1 contest/week only.,,False
GSoC coding,08/24/2027,7:00 PM,08/24/2027,9:00 PM,False,Project work. If not accepted: portfolio projects + Stages 5-6.,,False
Review + notes,08/24/2027,9:00 PM,08/24/2027,9:30 PM,False,"One page: new patterns, mistakes, tricks. Update templates.",,False
GSoC Stage 5-6: LLM Apps + Agents,08/25/2027,5:30 AM,08/25/2027,8:00 AM,False,"Prompt Eng, RAG, AI Engineering, Agents/MCP, LLMOps. Coding period is the priority.",,False
GSoC project coding,08/25/2027,4:00 PM,08/25/2027,6:30 PM,False,Milestone work + tests + docs. Weekly mentor sync. 1 contest/week only.,,False
CodeChef Starters (only contest this week),08/25/2027,7:00 PM,08/25/2027,9:00 PM,False,Wed 20:00 IST — keeps you warm.,,False
Review + notes,08/25/2027,9:00 PM,08/25/2027,9:30 PM,False,"One page: new patterns, mistakes, tricks. Update templates.",,False
GSoC Stage 5-6: LLM Apps + Agents,08/26/2027,5:30 AM,08/26/2027,8:00 AM,False,"Prompt Eng, RAG, AI Engineering, Agents/MCP, LLMOps. Coding period is the priority.",,False
GSoC project coding,08/26/2027,4:00 PM,08/26/2027,6:30 PM,False,Milestone work + tests + docs. Weekly mentor sync. 1 contest/week only.,,False
GSoC coding,08/26/2027,7:00 PM,08/26/2027,9:00 PM,False,Project work. If not accepted: portfolio projects + Stages 5-6.,,False
Review + notes,08/26/2027,9:00 PM,08/26/2027,9:30 PM,False,"One page: new patterns, mistakes, tricks. Update templates.",,False
GSoC Stage 5-6: LLM Apps + Agents,08/27/2027,5:30 AM,08/27/2027,8:00 AM,False,"Prompt Eng, RAG, AI Engineering, Agents/MCP, LLMOps. Coding period is the priority.",,False
GSoC project coding,08/27/2027,4:00 PM,08/27/2027,6:30 PM,False,Milestone work + tests + docs. Weekly mentor sync. 1 contest/week only.,,False
GSoC coding,08/27/2027,7:00 PM,08/27/2027,9:00 PM,False,Project work. If not accepted: portfolio projects + Stages 5-6.,,False
Review + notes,08/27/2027,9:00 PM,08/27/2027,9:30 PM,False,"One page: new patterns, mistakes, tricks. Update templates.",,False
GSoC Stage 5-6 books,08/28/2027,8:00 AM,08/28/2027,10:30 AM,False,"LLM Apps, Agents, LLMOps.",,False
GSoC coding,08/28/2027,10:30 AM,08/28/2027,1:00 PM,False,Milestone work.,,False
GSoC coding,08/28/2027,1:00 PM,08/28/2027,4:00 PM,False,Milestone work + tests.,,False
AtCoder ABC (only contest),08/28/2027,5:30 PM,08/28/2027,8:30 PM,False,Keeps you warm.,,False
GSoC Stage 5-6 books,08/29/2027,8:00 AM,08/29/2027,10:30 AM,False,"LLM Apps, Agents, LLMOps.",,False
GSoC coding,08/29/2027,10:30 AM,08/29/2027,1:00 PM,False,Milestone work.,,False
GSoC coding,08/29/2027,1:00 PM,08/29/2027,4:00 PM,False,Milestone work + tests.,,False
GSoC coding,08/29/2027,4:30 PM,08/29/2027,7:30 PM,False,Milestone work.,,False
Weekly review + tracker update,08/29/2027,9:30 PM,08/29/2027,10:00 PM,False,GSoC milestone progress.,,False
GSoC Stage 5-6: LLM Apps + Agents,08/30/2027,5:30 AM,08/30/2027,8:00 AM,False,"Prompt Eng, RAG, AI Engineering, Agents/MCP, LLMOps. Coding period is the priority.",,False
GSoC project coding,08/30/2027,4:00 PM,08/30/2027,6:30 PM,False,Milestone work + tests + docs. Weekly mentor sync. 1 contest/week only.,,False
GSoC coding,08/30/2027,7:00 PM,08/30/2027,9:00 PM,False,Project work. If not accepted: portfolio projects + Stages 5-6.,,False
Review + notes,08/30/2027,9:00 PM,08/30/2027,9:30 PM,False,"One page: new patterns, mistakes, tricks. Update templates.",,False
GSoC Stage 5-6: LLM Apps + Agents,08/31/2027,5:30 AM,08/31/2027,8:00 AM,False,"Prompt Eng, RAG, AI Engineering, Agents/MCP, LLMOps. Coding period is the priority.",,False
GSoC project coding,08/31/2027,4:00 PM,08/31/2027,6:30 PM,False,Milestone work + tests + docs. Weekly mentor sync. 1 contest/week only.,,False
GSoC coding,08/31/2027,7:00 PM,08/31/2027,9:00 PM,False,Project work. If not accepted: portfolio projects + Stages 5-6.,,False
Review + notes,08/31/2027,9:00 PM,08/31/2027,9:30 PM,False,"One page: new patterns, mistakes, tricks. Update templates.",,False
CP review: notes + re-solves,09/01/2027,5:30 AM,09/01/2027,8:00 AM,False,"Phase E: re-read notes, re-solve 10 failed problems, template audit.",,False
ICPC team virtuals + mixed marathons,09/01/2027,4:00 PM,09/01/2027,6:30 PM,False,"Phase E: 3 ICPC-format virtuals/week, old Asia West sets, role drills.",,False
CodeChef Starters,09/01/2027,7:00 PM,09/01/2027,9:00 PM,False,Wed 20:00 IST.,,False
Review + notes,09/01/2027,9:00 PM,09/01/2027,9:30 PM,False,"One page: new patterns, mistakes, tricks. Update templates.",,False
CP review: notes + re-solves,09/02/2027,5:30 AM,09/02/2027,8:00 AM,False,"Phase E: re-read notes, re-solve 10 failed problems, template audit.",,False
ICPC team virtuals + mixed marathons,09/02/2027,4:00 PM,09/02/2027,6:30 PM,False,"Phase E: 3 ICPC-format virtuals/week, old Asia West sets, role drills.",,False
Upsolve + team drills,09/02/2027,7:00 PM,09/02/2027,9:00 PM,False,Contest misses + ICPC role practice.,,False
Review + notes,09/02/2027,9:00 PM,09/02/2027,9:30 PM,False,"One page: new patterns, mistakes, tricks. Update templates.",,False
CP review: notes + re-solves,09/03/2027,5:30 AM,09/03/2027,8:00 AM,False,"Phase E: re-read notes, re-solve 10 failed problems, template audit.",,False
ICPC team virtuals + mixed marathons,09/03/2027,4:00 PM,09/03/2027,6:30 PM,False,"Phase E: 3 ICPC-format virtuals/week, old Asia West sets, role drills.",,False
Mixed-topic marathon,09/03/2027,7:00 PM,09/03/2027,9:00 PM,False,Old ICPC Asia West sets (Amritapuri/Kanpur archives).,,False
Review + notes,09/03/2027,9:00 PM,09/03/2027,9:30 PM,False,"One page: new patterns, mistakes, tricks. Update templates.",,False
CP review,09/04/2027,8:00 AM,09/04/2027,10:30 AM,False,"Notes re-read, template audit.",,False
ICPC-format virtual,09/04/2027,10:30 AM,09/04/2027,1:00 PM,False,3-persons-1-machine.,,False
Old Asia West sets,09/04/2027,1:00 PM,09/04/2027,4:00 PM,False,Amritapuri/Kanpur archives.,,False
AtCoder ABC,09/04/2027,5:30 PM,09/04/2027,8:30 PM,False,A-D target.,,False
CP review,09/05/2027,8:00 AM,09/05/2027,10:30 AM,False,"Notes re-read, template audit.",,False
ICPC-format virtual,09/05/2027,10:30 AM,09/05/2027,1:00 PM,False,3-persons-1-machine.,,False
Old Asia West sets,09/05/2027,1:00 PM,09/05/2027,4:00 PM,False,Amritapuri/Kanpur archives.,,False
Virtual CF Div2,09/05/2027,4:30 PM,09/05/2027,7:30 PM,False,2h timed.,,False
Weekly review + tracker update,09/05/2027,9:30 PM,09/05/2027,10:00 PM,False,Ready for prelims.,,False
CP review: notes + re-solves,09/06/2027,5:30 AM,09/06/2027,8:00 AM,False,"Phase E: re-read notes, re-solve 10 failed problems, template audit.",,False
ICPC team virtuals + mixed marathons,09/06/2027,4:00 PM,09/06/2027,6:30 PM,False,"Phase E: 3 ICPC-format virtuals/week, old Asia West sets, role drills.",,False
Mixed-topic marathon,09/06/2027,7:00 PM,09/06/2027,9:00 PM,False,Old ICPC Asia West sets (Amritapuri/Kanpur archives).,,False
Review + notes,09/06/2027,9:00 PM,09/06/2027,9:30 PM,False,"One page: new patterns, mistakes, tricks. Update templates.",,False
CP review: notes + re-solves,09/07/2027,5:30 AM,09/07/2027,8:00 AM,False,"Phase E: re-read notes, re-solve 10 failed problems, template audit.",,False
ICPC team virtuals + mixed marathons,09/07/2027,4:00 PM,09/07/2027,6:30 PM,False,"Phase E: 3 ICPC-format virtuals/week, old Asia West sets, role drills.",,False
Codeforces contest,09/07/2027,7:00 PM,09/07/2027,9:00 PM,False,CF ~20:05/22:35 IST.,,False
Review + notes,09/07/2027,9:00 PM,09/07/2027,9:30 PM,False,"One page: new patterns, mistakes, tricks. Update templates.",,False
CP review: notes + re-solves,09/08/2027,5:30 AM,09/08/2027,8:00 AM,False,"Phase E: re-read notes, re-solve 10 failed problems, template audit.",,False
ICPC team virtuals + mixed marathons,09/08/2027,4:00 PM,09/08/2027,6:30 PM,False,"Phase E: 3 ICPC-format virtuals/week, old Asia West sets, role drills.",,False
CodeChef Starters,09/08/2027,7:00 PM,09/08/2027,9:00 PM,False,Wed 20:00 IST.,,False
Review + notes,09/08/2027,9:00 PM,09/08/2027,9:30 PM,False,"One page: new patterns, mistakes, tricks. Update templates.",,False
CP review: notes + re-solves,09/09/2027,5:30 AM,09/09/2027,8:00 AM,False,"Phase E: re-read notes, re-solve 10 failed problems, template audit.",,False
ICPC team virtuals + mixed marathons,09/09/2027,4:00 PM,09/09/2027,6:30 PM,False,"Phase E: 3 ICPC-format virtuals/week, old Asia West sets, role drills.",,False
Upsolve + team drills,09/09/2027,7:00 PM,09/09/2027,9:00 PM,False,Contest misses + ICPC role practice.,,False
Review + notes,09/09/2027,9:00 PM,09/09/2027,9:30 PM,False,"One page: new patterns, mistakes, tricks. Update templates.",,False
CP review: notes + re-solves,09/10/2027,5:30 AM,09/10/2027,8:00 AM,False,"Phase E: re-read notes, re-solve 10 failed problems, template audit.",,False
ICPC team virtuals + mixed marathons,09/10/2027,4:00 PM,09/10/2027,6:30 PM,False,"Phase E: 3 ICPC-format virtuals/week, old Asia West sets, role drills.",,False
Mixed-topic marathon,09/10/2027,7:00 PM,09/10/2027,9:00 PM,False,Old ICPC Asia West sets (Amritapuri/Kanpur archives).,,False
Review + notes,09/10/2027,9:00 PM,09/10/2027,9:30 PM,False,"One page: new patterns, mistakes, tricks. Update templates.",,False
CP review,09/11/2027,8:00 AM,09/11/2027,10:30 AM,False,"Notes re-read, template audit.",,False
ICPC-format virtual,09/11/2027,10:30 AM,09/11/2027,1:00 PM,False,3-persons-1-machine.,,False
Old Asia West sets,09/11/2027,1:00 PM,09/11/2027,4:00 PM,False,Amritapuri/Kanpur archives.,,False
AtCoder ABC,09/11/2027,5:30 PM,09/11/2027,8:30 PM,False,A-D target.,,False
CP review,09/12/2027,8:00 AM,09/12/2027,10:30 AM,False,"Notes re-read, template audit.",,False
ICPC-format virtual,09/12/2027,10:30 AM,09/12/2027,1:00 PM,False,3-persons-1-machine.,,False
Old Asia West sets,09/12/2027,1:00 PM,09/12/2027,4:00 PM,False,Amritapuri/Kanpur archives.,,False
Virtual CF Div2,09/12/2027,4:30 PM,09/12/2027,7:30 PM,False,2h timed.,,False
Weekly review + tracker update,09/12/2027,9:30 PM,09/12/2027,10:00 PM,False,Ready for prelims.,,False
CP review: notes + re-solves,09/13/2027,5:30 AM,09/13/2027,8:00 AM,False,"Phase E: re-read notes, re-solve 10 failed problems, template audit.",,False
ICPC team virtuals + mixed marathons,09/13/2027,4:00 PM,09/13/2027,6:30 PM,False,"Phase E: 3 ICPC-format virtuals/week, old Asia West sets, role drills.",,False
Mixed-topic marathon,09/13/2027,7:00 PM,09/13/2027,9:00 PM,False,Old ICPC Asia West sets (Amritapuri/Kanpur archives).,,False
Review + notes,09/13/2027,9:00 PM,09/13/2027,9:30 PM,False,"One page: new patterns, mistakes, tricks. Update templates.",,False
CP review: notes + re-solves,09/14/2027,5:30 AM,09/14/2027,8:00 AM,False,"Phase E: re-read notes, re-solve 10 failed problems, template audit.",,False
ICPC team virtuals + mixed marathons,09/14/2027,4:00 PM,09/14/2027,6:30 PM,False,"Phase E: 3 ICPC-format virtuals/week, old Asia West sets, role drills.",,False
Codeforces contest,09/14/2027,7:00 PM,09/14/2027,9:00 PM,False,CF ~20:05/22:35 IST.,,False
Review + notes,09/14/2027,9:00 PM,09/14/2027,9:30 PM,False,"One page: new patterns, mistakes, tricks. Update templates.",,False
CP review: notes + re-solves,09/15/2027,5:30 AM,09/15/2027,8:00 AM,False,"Phase E: re-read notes, re-solve 10 failed problems, template audit.",,False
ICPC team virtuals + mixed marathons,09/15/2027,4:00 PM,09/15/2027,6:30 PM,False,"Phase E: 3 ICPC-format virtuals/week, old Asia West sets, role drills.",,False
CodeChef Starters,09/15/2027,7:00 PM,09/15/2027,9:00 PM,False,Wed 20:00 IST.,,False
Review + notes,09/15/2027,9:00 PM,09/15/2027,9:30 PM,False,"One page: new patterns, mistakes, tricks. Update templates.",,False
CP review: notes + re-solves,09/16/2027,5:30 AM,09/16/2027,8:00 AM,False,"Phase E: re-read notes, re-solve 10 failed problems, template audit.",,False
ICPC team virtuals + mixed marathons,09/16/2027,4:00 PM,09/16/2027,6:30 PM,False,"Phase E: 3 ICPC-format virtuals/week, old Asia West sets, role drills.",,False
Upsolve + team drills,09/16/2027,7:00 PM,09/16/2027,9:00 PM,False,Contest misses + ICPC role practice.,,False
Review + notes,09/16/2027,9:00 PM,09/16/2027,9:30 PM,False,"One page: new patterns, mistakes, tricks. Update templates.",,False
CP review: notes + re-solves,09/17/2027,5:30 AM,09/17/2027,8:00 AM,False,"Phase E: re-read notes, re-solve 10 failed problems, template audit.",,False
ICPC team virtuals + mixed marathons,09/17/2027,4:00 PM,09/17/2027,6:30 PM,False,"Phase E: 3 ICPC-format virtuals/week, old Asia West sets, role drills.",,False
Mixed-topic marathon,09/17/2027,7:00 PM,09/17/2027,9:00 PM,False,Old ICPC Asia West sets (Amritapuri/Kanpur archives).,,False
Review + notes,09/17/2027,9:00 PM,09/17/2027,9:30 PM,False,"One page: new patterns, mistakes, tricks. Update templates.",,False
CP review,09/18/2027,8:00 AM,09/18/2027,10:30 AM,False,"Notes re-read, template audit.",,False
ICPC-format virtual,09/18/2027,10:30 AM,09/18/2027,1:00 PM,False,3-persons-1-machine.,,False
Old Asia West sets,09/18/2027,1:00 PM,09/18/2027,4:00 PM,False,Amritapuri/Kanpur archives.,,False
AtCoder ABC,09/18/2027,5:30 PM,09/18/2027,8:30 PM,False,A-D target.,,False
CP review,09/19/2027,8:00 AM,09/19/2027,10:30 AM,False,"Notes re-read, template audit.",,False
ICPC-format virtual,09/19/2027,10:30 AM,09/19/2027,1:00 PM,False,3-persons-1-machine.,,False
Old Asia West sets,09/19/2027,1:00 PM,09/19/2027,4:00 PM,False,Amritapuri/Kanpur archives.,,False
Virtual CF Div2,09/19/2027,4:30 PM,09/19/2027,7:30 PM,False,2h timed.,,False
Weekly review + tracker update,09/19/2027,9:30 PM,09/19/2027,10:00 PM,False,Ready for prelims.,,False
CP review: notes + re-solves,09/20/2027,5:30 AM,09/20/2027,8:00 AM,False,"Phase E: re-read notes, re-solve 10 failed problems, template audit.",,False
ICPC team virtuals + mixed marathons,09/20/2027,4:00 PM,09/20/2027,6:30 PM,False,"Phase E: 3 ICPC-format virtuals/week, old Asia West sets, role drills.",,False
Mixed-topic marathon,09/20/2027,7:00 PM,09/20/2027,9:00 PM,False,Old ICPC Asia West sets (Amritapuri/Kanpur archives).,,False
Review + notes,09/20/2027,9:00 PM,09/20/2027,9:30 PM,False,"One page: new patterns, mistakes, tricks. Update templates.",,False
CP review: notes + re-solves,09/21/2027,5:30 AM,09/21/2027,8:00 AM,False,"Phase E: re-read notes, re-solve 10 failed problems, template audit.",,False
ICPC team virtuals + mixed marathons,09/21/2027,4:00 PM,09/21/2027,6:30 PM,False,"Phase E: 3 ICPC-format virtuals/week, old Asia West sets, role drills.",,False
Codeforces contest,09/21/2027,7:00 PM,09/21/2027,9:00 PM,False,CF ~20:05/22:35 IST.,,False
Review + notes,09/21/2027,9:00 PM,09/21/2027,9:30 PM,False,"One page: new patterns, mistakes, tricks. Update templates.",,False
CP review: notes + re-solves,09/22/2027,5:30 AM,09/22/2027,8:00 AM,False,"Phase E: re-read notes, re-solve 10 failed problems, template audit.",,False
ICPC team virtuals + mixed marathons,09/22/2027,4:00 PM,09/22/2027,6:30 PM,False,"Phase E: 3 ICPC-format virtuals/week, old Asia West sets, role drills.",,False
CodeChef Starters,09/22/2027,7:00 PM,09/22/2027,9:00 PM,False,Wed 20:00 IST.,,False
Review + notes,09/22/2027,9:00 PM,09/22/2027,9:30 PM,False,"One page: new patterns, mistakes, tricks. Update templates.",,False
CP review: notes + re-solves,09/23/2027,5:30 AM,09/23/2027,8:00 AM,False,"Phase E: re-read notes, re-solve 10 failed problems, template audit.",,False
ICPC team virtuals + mixed marathons,09/23/2027,4:00 PM,09/23/2027,6:30 PM,False,"Phase E: 3 ICPC-format virtuals/week, old Asia West sets, role drills.",,False
Upsolve + team drills,09/23/2027,7:00 PM,09/23/2027,9:00 PM,False,Contest misses + ICPC role practice.,,False
Review + notes,09/23/2027,9:00 PM,09/23/2027,9:30 PM,False,"One page: new patterns, mistakes, tricks. Update templates.",,False
CP review: notes + re-solves,09/24/2027,5:30 AM,09/24/2027,8:00 AM,False,"Phase E: re-read notes, re-solve 10 failed problems, template audit.",,False
ICPC team virtuals + mixed marathons,09/24/2027,4:00 PM,09/24/2027,6:30 PM,False,"Phase E: 3 ICPC-format virtuals/week, old Asia West sets, role drills.",,False
Mixed-topic marathon,09/24/2027,7:00 PM,09/24/2027,9:00 PM,False,Old ICPC Asia West sets (Amritapuri/Kanpur archives).,,False
Review + notes,09/24/2027,9:00 PM,09/24/2027,9:30 PM,False,"One page: new patterns, mistakes, tricks. Update templates.",,False
CP review,09/25/2027,8:00 AM,09/25/2027,10:30 AM,False,"Notes re-read, template audit.",,False
ICPC-format virtual,09/25/2027,10:30 AM,09/25/2027,1:00 PM,False,3-persons-1-machine.,,False
Old Asia West sets,09/25/2027,1:00 PM,09/25/2027,4:00 PM,False,Amritapuri/Kanpur archives.,,False
AtCoder ABC,09/25/2027,5:30 PM,09/25/2027,8:30 PM,False,A-D target.,,False
WEEKLY CHECK-IN (10 min): review + tracker update,08/16/2026,,08/16/2026,,True,"Fill Section 11 check-in: books read, problems solved, contests, GSoC milestone progress, rating changes, next week's 3 focus items.",,False
WEEKLY CHECK-IN (10 min): review + tracker update,08/23/2026,,08/23/2026,,True,"Fill Section 11 check-in: books read, problems solved, contests, GSoC milestone progress, rating changes, next week's 3 focus items.",,False
WEEKLY CHECK-IN (10 min): review + tracker update,08/30/2026,,08/30/2026,,True,"Fill Section 11 check-in: books read, problems solved, contests, GSoC milestone progress, rating changes, next week's 3 focus items.",,False
WEEKLY CHECK-IN (10 min): review + tracker update,09/06/2026,,09/06/2026,,True,"Fill Section 11 check-in: books read, problems solved, contests, GSoC milestone progress, rating changes, next week's 3 focus items.",,False
WEEKLY CHECK-IN (10 min): review + tracker update,09/13/2026,,09/13/2026,,True,"Fill Section 11 check-in: books read, problems solved, contests, GSoC milestone progress, rating changes, next week's 3 focus items.",,False
WEEKLY CHECK-IN (10 min): review + tracker update,09/20/2026,,09/20/2026,,True,"Fill Section 11 check-in: books read, problems solved, contests, GSoC milestone progress, rating changes, next week's 3 focus items.",,False
WEEKLY CHECK-IN (10 min): review + tracker update,09/27/2026,,09/27/2026,,True,"Fill Section 11 check-in: books read, problems solved, contests, GSoC milestone progress, rating changes, next week's 3 focus items.",,False
WEEKLY CHECK-IN (10 min): review + tracker update,10/04/2026,,10/04/2026,,True,"Fill Section 11 check-in: books read, problems solved, contests, GSoC milestone progress, rating changes, next week's 3 focus items.",,False
WEEKLY CHECK-IN (10 min): review + tracker update,10/11/2026,,10/11/2026,,True,"Fill Section 11 check-in: books read, problems solved, contests, GSoC milestone progress, rating changes, next week's 3 focus items.",,False
WEEKLY CHECK-IN (10 min): review + tracker update,10/18/2026,,10/18/2026,,True,"Fill Section 11 check-in: books read, problems solved, contests, GSoC milestone progress, rating changes, next week's 3 focus items.",,False
WEEKLY CHECK-IN (10 min): review + tracker update,10/25/2026,,10/25/2026,,True,"Fill Section 11 check-in: books read, problems solved, contests, GSoC milestone progress, rating changes, next week's 3 focus items.",,False
WEEKLY CHECK-IN (10 min): review + tracker update,11/01/2026,,11/01/2026,,True,"Fill Section 11 check-in: books read, problems solved, contests, GSoC milestone progress, rating changes, next week's 3 focus items.",,False
WEEKLY CHECK-IN (10 min): review + tracker update,11/08/2026,,11/08/2026,,True,"Fill Section 11 check-in: books read, problems solved, contests, GSoC milestone progress, rating changes, next week's 3 focus items.",,False
WEEKLY CHECK-IN (10 min): review + tracker update,11/15/2026,,11/15/2026,,True,"Fill Section 11 check-in: books read, problems solved, contests, GSoC milestone progress, rating changes, next week's 3 focus items.",,False
WEEKLY CHECK-IN (10 min): review + tracker update,11/22/2026,,11/22/2026,,True,"Fill Section 11 check-in: books read, problems solved, contests, GSoC milestone progress, rating changes, next week's 3 focus items.",,False
WEEKLY CHECK-IN (10 min): review + tracker update,11/29/2026,,11/29/2026,,True,"Fill Section 11 check-in: books read, problems solved, contests, GSoC milestone progress, rating changes, next week's 3 focus items.",,False
WEEKLY CHECK-IN (10 min): review + tracker update,12/06/2026,,12/06/2026,,True,"Fill Section 11 check-in: books read, problems solved, contests, GSoC milestone progress, rating changes, next week's 3 focus items.",,False
WEEKLY CHECK-IN (10 min): review + tracker update,12/13/2026,,12/13/2026,,True,"Fill Section 11 check-in: books read, problems solved, contests, GSoC milestone progress, rating changes, next week's 3 focus items.",,False
WEEKLY CHECK-IN (10 min): review + tracker update,12/20/2026,,12/20/2026,,True,"Fill Section 11 check-in: books read, problems solved, contests, GSoC milestone progress, rating changes, next week's 3 focus items.",,False
WEEKLY CHECK-IN (10 min): review + tracker update,12/27/2026,,12/27/2026,,True,"Fill Section 11 check-in: books read, problems solved, contests, GSoC milestone progress, rating changes, next week's 3 focus items.",,False
WEEKLY CHECK-IN (10 min): review + tracker update,01/03/2027,,01/03/2027,,True,"Fill Section 11 check-in: books read, problems solved, contests, GSoC milestone progress, rating changes, next week's 3 focus items.",,False
WEEKLY CHECK-IN (10 min): review + tracker update,01/10/2027,,01/10/2027,,True,"Fill Section 11 check-in: books read, problems solved, contests, GSoC milestone progress, rating changes, next week's 3 focus items.",,False
WEEKLY CHECK-IN (10 min): review + tracker update,01/17/2027,,01/17/2027,,True,"Fill Section 11 check-in: books read, problems solved, contests, GSoC milestone progress, rating changes, next week's 3 focus items.",,False
WEEKLY CHECK-IN (10 min): review + tracker update,01/24/2027,,01/24/2027,,True,"Fill Section 11 check-in: books read, problems solved, contests, GSoC milestone progress, rating changes, next week's 3 focus items.",,False
WEEKLY CHECK-IN (10 min): review + tracker update,01/31/2027,,01/31/2027,,True,"Fill Section 11 check-in: books read, problems solved, contests, GSoC milestone progress, rating changes, next week's 3 focus items.",,False
WEEKLY CHECK-IN (10 min): review + tracker update,02/07/2027,,02/07/2027,,True,"Fill Section 11 check-in: books read, problems solved, contests, GSoC milestone progress, rating changes, next week's 3 focus items.",,False
WEEKLY CHECK-IN (10 min): review + tracker update,02/14/2027,,02/14/2027,,True,"Fill Section 11 check-in: books read, problems solved, contests, GSoC milestone progress, rating changes, next week's 3 focus items.",,False
WEEKLY CHECK-IN (10 min): review + tracker update,02/21/2027,,02/21/2027,,True,"Fill Section 11 check-in: books read, problems solved, contests, GSoC milestone progress, rating changes, next week's 3 focus items.",,False
WEEKLY CHECK-IN (10 min): review + tracker update,02/28/2027,,02/28/2027,,True,"Fill Section 11 check-in: books read, problems solved, contests, GSoC milestone progress, rating changes, next week's 3 focus items.",,False
WEEKLY CHECK-IN (10 min): review + tracker update,03/07/2027,,03/07/2027,,True,"Fill Section 11 check-in: books read, problems solved, contests, GSoC milestone progress, rating changes, next week's 3 focus items.",,False
WEEKLY CHECK-IN (10 min): review + tracker update,03/14/2027,,03/14/2027,,True,"Fill Section 11 check-in: books read, problems solved, contests, GSoC milestone progress, rating changes, next week's 3 focus items.",,False
WEEKLY CHECK-IN (10 min): review + tracker update,03/21/2027,,03/21/2027,,True,"Fill Section 11 check-in: books read, problems solved, contests, GSoC milestone progress, rating changes, next week's 3 focus items.",,False
WEEKLY CHECK-IN (10 min): review + tracker update,03/28/2027,,03/28/2027,,True,"Fill Section 11 check-in: books read, problems solved, contests, GSoC milestone progress, rating changes, next week's 3 focus items.",,False
WEEKLY CHECK-IN (10 min): review + tracker update,04/04/2027,,04/04/2027,,True,"Fill Section 11 check-in: books read, problems solved, contests, GSoC milestone progress, rating changes, next week's 3 focus items.",,False
WEEKLY CHECK-IN (10 min): review + tracker update,04/11/2027,,04/11/2027,,True,"Fill Section 11 check-in: books read, problems solved, contests, GSoC milestone progress, rating changes, next week's 3 focus items.",,False
WEEKLY CHECK-IN (10 min): review + tracker update,04/18/2027,,04/18/2027,,True,"Fill Section 11 check-in: books read, problems solved, contests, GSoC milestone progress, rating changes, next week's 3 focus items.",,False
WEEKLY CHECK-IN (10 min): review + tracker update,04/25/2027,,04/25/2027,,True,"Fill Section 11 check-in: books read, problems solved, contests, GSoC milestone progress, rating changes, next week's 3 focus items.",,False
WEEKLY CHECK-IN (10 min): review + tracker update,05/02/2027,,05/02/2027,,True,"Fill Section 11 check-in: books read, problems solved, contests, GSoC milestone progress, rating changes, next week's 3 focus items.",,False
WEEKLY CHECK-IN (10 min): review + tracker update,05/09/2027,,05/09/2027,,True,"Fill Section 11 check-in: books read, problems solved, contests, GSoC milestone progress, rating changes, next week's 3 focus items.",,False
WEEKLY CHECK-IN (10 min): review + tracker update,05/16/2027,,05/16/2027,,True,"Fill Section 11 check-in: books read, problems solved, contests, GSoC milestone progress, rating changes, next week's 3 focus items.",,False
WEEKLY CHECK-IN (10 min): review + tracker update,05/23/2027,,05/23/2027,,True,"Fill Section 11 check-in: books read, problems solved, contests, GSoC milestone progress, rating changes, next week's 3 focus items.",,False
WEEKLY CHECK-IN (10 min): review + tracker update,05/30/2027,,05/30/2027,,True,"Fill Section 11 check-in: books read, problems solved, contests, GSoC milestone progress, rating changes, next week's 3 focus items.",,False
WEEKLY CHECK-IN (10 min): review + tracker update,06/06/2027,,06/06/2027,,True,"Fill Section 11 check-in: books read, problems solved, contests, GSoC milestone progress, rating changes, next week's 3 focus items.",,False
WEEKLY CHECK-IN (10 min): review + tracker update,06/13/2027,,06/13/2027,,True,"Fill Section 11 check-in: books read, problems solved, contests, GSoC milestone progress, rating changes, next week's 3 focus items.",,False
WEEKLY CHECK-IN (10 min): review + tracker update,06/20/2027,,06/20/2027,,True,"Fill Section 11 check-in: books read, problems solved, contests, GSoC milestone progress, rating changes, next week's 3 focus items.",,False
WEEKLY CHECK-IN (10 min): review + tracker update,06/27/2027,,06/27/2027,,True,"Fill Section 11 check-in: books read, problems solved, contests, GSoC milestone progress, rating changes, next week's 3 focus items.",,False
WEEKLY CHECK-IN (10 min): review + tracker update,07/04/2027,,07/04/2027,,True,"Fill Section 11 check-in: books read, problems solved, contests, GSoC milestone progress, rating changes, next week's 3 focus items.",,False
WEEKLY CHECK-IN (10 min): review + tracker update,07/11/2027,,07/11/2027,,True,"Fill Section 11 check-in: books read, problems solved, contests, GSoC milestone progress, rating changes, next week's 3 focus items.",,False
WEEKLY CHECK-IN (10 min): review + tracker update,07/18/2027,,07/18/2027,,True,"Fill Section 11 check-in: books read, problems solved, contests, GSoC milestone progress, rating changes, next week's 3 focus items.",,False
WEEKLY CHECK-IN (10 min): review + tracker update,07/25/2027,,07/25/2027,,True,"Fill Section 11 check-in: books read, problems solved, contests, GSoC milestone progress, rating changes, next week's 3 focus items.",,False
WEEKLY CHECK-IN (10 min): review + tracker update,08/01/2027,,08/01/2027,,True,"Fill Section 11 check-in: books read, problems solved, contests, GSoC milestone progress, rating changes, next week's 3 focus items.",,False
WEEKLY CHECK-IN (10 min): review + tracker update,08/08/2027,,08/08/2027,,True,"Fill Section 11 check-in: books read, problems solved, contests, GSoC milestone progress, rating changes, next week's 3 focus items.",,False
WEEKLY CHECK-IN (10 min): review + tracker update,08/15/2027,,08/15/2027,,True,"Fill Section 11 check-in: books read, problems solved, contests, GSoC milestone progress, rating changes, next week's 3 focus items.",,False
WEEKLY CHECK-IN (10 min): review + tracker update,08/22/2027,,08/22/2027,,True,"Fill Section 11 check-in: books read, problems solved, contests, GSoC milestone progress, rating changes, next week's 3 focus items.",,False
WEEKLY CHECK-IN (10 min): review + tracker update,08/29/2027,,08/29/2027,,True,"Fill Section 11 check-in: books read, problems solved, contests, GSoC milestone progress, rating changes, next week's 3 focus items.",,False
WEEKLY CHECK-IN (10 min): review + tracker update,09/05/2027,,09/05/2027,,True,"Fill Section 11 check-in: books read, problems solved, contests, GSoC milestone progress, rating changes, next week's 3 focus items.",,False
WEEKLY CHECK-IN (10 min): review + tracker update,09/12/2027,,09/12/2027,,True,"Fill Section 11 check-in: books read, problems solved, contests, GSoC milestone progress, rating changes, next week's 3 focus items.",,False
WEEKLY CHECK-IN (10 min): review + tracker update,09/19/2027,,09/19/2027,,True,"Fill Section 11 check-in: books read, problems solved, contests, GSoC milestone progress, rating changes, next week's 3 focus items.",,False
"Phase A Week 1 focus: Foundation: sorting, binary search, two pointers, STL (CSES Ch 1-4, CP4 B1 Ch 1-2)",08/15/2026,,08/15/2026,,True,,,False
"Phase A Week 2 focus: Dynamic Programming (CSES Ch 7, CP4 B1 Ch 3.4 pp 153-215)",08/22/2026,,08/22/2026,,True,,,False
"Phase A Week 3 focus: Graphs & Trees: BFS/DFS/Dijkstra/MST/DSU (CSES Ch 11-14, CP4 B1 Ch 4)",08/29/2026,,08/29/2026,,True,,,False
"Phase A Week 4 focus: Math: modular arithmetic, combinatorics, number theory (CP4 B1 Ch 5.3-5.6)",09/05/2026,,09/05/2026,,True,,,False
"Phase A Week 5 focus: Advanced DS + Strings: seg tree, BIT, KMP, hashing (CP4 B1 Ch 6, CP4 B2 Ch 9 skim)",09/12/2026,,09/12/2026,,True,,,False
"Phase A Week 6 focus: PEAK: 1800-1900+ tiers, finals push, review",09/19/2026,,09/19/2026,,True,,,False
START: ICPC + GSoC 2027 Master Plan — CP sprint begins,08/15/2026,,08/15/2026,,True,,,False
"ICPC TASK: Recruit 2 teammates (start today, done by Aug 20)",08/20/2026,,08/20/2026,,True,,,False
ICPC TASK: Confirm faculty coach (ask CS/HOD dept),08/27/2026,,08/27/2026,,True,,,False
ICPC TASK: Register team + submit payment (before Sep 21 cutoff),09/15/2026,,09/15/2026,,True,,,False
DEADLINE: ICPC India registration closes (team + coach + payment),09/21/2026,,09/21/2026,,True,,,False
"CP CURRICULUM COMPLETE — books, CP-31 100%, CSES core, ~20 contests",09/25/2026,,09/25/2026,,True,,,False
ICPC 2026-27 India Preliminary (online) — exact date on portal,10/10/2026,,10/10/2026,,True,,,False
ICPC Chennai Regional (Dec 11-12),12/11/2026,,12/11/2026,,True,,,False
ICPC Dhaka Regional (Dec 18-19),12/18/2026,,12/18/2026,,True,,,False
ICPC Kanpur Regional (Dec 22-23),12/22/2026,,12/22/2026,,True,,,False
ICPC Mathura Regional (Dec 27-28),12/27/2026,,12/27/2026,,True,,,False
ICPC Amritapuri Regional (end Dec),12/30/2026,,12/30/2026,,True,,,False
Phase C begins: GSoC application season — Stage 3 (ML & DL) + org research,01/01/2027,,01/01/2027,,True,,,False
GSoC TASK: Org shortlist finalized (8-10 orgs -> 3 targets),01/31/2027,,01/31/2027,,True,,,False
GSoC 2027 accepted orgs announced — start contributions TODAY,02/19/2027,,02/19/2027,,True,,,False
"GSoC TASK: Proposal drafts done, feedback from mentors/community",03/10/2027,,03/10/2027,,True,,,False
GSoC application window OPENS — submit early (Mar 16-20),03/16/2027,,03/16/2027,,True,,,False
AWC Championship (Mar 20-21) — if qualified,03/20/2027,,03/20/2027,,True,,,False
DEADLINE: GSoC proposals due 18:00 UTC,03/31/2027,,03/31/2027,,True,,,False
GSoC 2027 results announced,04/30/2027,,04/30/2027,,True,,,False
"Community bonding period (May 1-24) — repo dive, env setup, mentor calls",05/01/2027,,05/01/2027,,True,,,False
GSoC CODING BEGINS (May 25 - Aug 24),05/25/2027,,05/25/2027,,True,,,False
GSoC midterm evaluations (Jul 6-10),07/06/2027,,07/06/2027,,True,,,False
GSoC final evaluations (Aug 24-31),08/24/2027,,08/24/2027,,True,,,False
GSoC 2027 DONE — final eval passed,08/31/2027,,08/31/2027,,True,,,False
Phase E begins: ICPC 2027-28 peak — team virtuals + old Asia West sets,09/01/2027,,09/01/2027,,True,,,False
ICPC TASK: Confirm 2027-28 team registration (check portal for window),09/10/2027,,09/10/2027,,True,,,False
MISSION COMPLETE — ready for ICPC 2027-28 prelims,09/25/2027,,09/25/2027,,True,,,False
